Phenotype,Age_at_onset,Histology,Country_of_origin,Mutation_ID,Allele,Disease_Subtype
infantile,,,Finland,cln1.001,p.Arg122Trp,CLN1
infantile,,,Finland,cln1.001,p.Arg122Trp,CLN1
infantile,,,Finland,cln1.001,p.Arg122Trp,CLN1
infantile,,,Finland,cln1.001,p.Arg122Trp,CLN1
infantile,,,Finland,cln1.001,p.Arg122Trp,CLN1
infantile,,,Finland,cln1.001,p.Arg122Trp,CLN1
infantile,,,Finland,cln1.001,p.Arg122Trp,CLN1
infantile,,,Finland,cln1.001,p.Arg122Trp,CLN1
infantile,,,Finland,cln1.001,p.Arg122Trp,CLN1
infantile,,,Finland,cln1.001,p.Arg122Trp,CLN1
infantile,,,Finland,cln1.001,p.Arg122Trp,CLN1
infantile,,,Finland,cln1.001,p.Arg122Trp,CLN1
infantile,,,Finland,cln1.001,p.Arg122Trp,CLN1
infantile,,,Finland,cln1.001,p.Arg122Trp,CLN1
infantile,,,Finland,cln1.001,p.Arg122Trp,CLN1
infantile,,,Finland,cln1.001,p.Arg122Trp,CLN1
infantile,,,Finland,cln1.001,p.Arg122Trp,CLN1
infantile,,,Finland,cln1.001,p.Arg122Trp,CLN1
infantile,,,Finland,cln1.001,p.Arg122Trp,CLN1
infantile,,,Finland,cln1.001,p.Arg122Trp,CLN1
infantile,,,Finland,cln1.001,p.Arg122Trp,CLN1
infantile,,,Finland,cln1.001,p.Arg122Trp,CLN1
infantile,,,Finland,cln1.001,p.Arg122Trp,CLN1
infantile,,,Finland,cln1.001,p.Arg122Trp,CLN1
infantile,,,Finland,cln1.001,p.Arg122Trp,CLN1
infantile,,,Finland,cln1.001,p.Arg122Trp,CLN1
infantile,,,Finland,cln1.001,p.Arg122Trp,CLN1
infantile,,,Finland,cln1.001,p.Arg122Trp,CLN1
infantile,,,Finland,cln1.001,p.Arg122Trp,CLN1
infantile,,,Finland,cln1.001,p.Arg122Trp,CLN1
infantile,,,Finland,cln1.001,p.Arg122Trp,CLN1
infantile,,,Finland,cln1.001,p.Arg122Trp,CLN1
infantile,,,Finland,cln1.001,p.Arg122Trp,CLN1
infantile,,,Finland,cln1.001,p.Arg122Trp,CLN1
infantile,,,Finland,cln1.001,p.Arg122Trp,CLN1
infantile,,,Finland,cln1.001,p.Arg122Trp,CLN1
infantile,,,Finland,cln1.001,p.Arg122Trp,CLN1
infantile,,,Finland,cln1.001,p.Arg122Trp,CLN1
infantile,,,Finland,cln1.001,p.Arg122Trp,CLN1
infantile,,,Finland,cln1.001,p.Arg122Trp,CLN1
infantile,,,Finland,,null allele,CLN1
infantile,,,Finland,cln1.001,p.Arg122Trp,CLN1
infantile,,,Finland,,null allele,CLN1
infantile,,,Finland,cln1.001,p.Arg122Trp,CLN1
infantile,,,Germany,cln1.001,p.Arg122Trp,CLN1
infantile,,,Estonia,cln1.001,p.Arg122Trp,CLN1
infantile,,,Germany,,not identified,CLN1
infantile,,,Germany,cln1.001,p.Arg122Trp,CLN1
infantile,,,Sweden,,not identified,CLN1
infantile,,,Sweden,cln1.001,p.Arg122Trp,CLN1
infantile,,,UK,,not identified,CLN1
infantile,,,UK,cln1.002,p.Lys55*,CLN1
juvenile,6,GROD,England,cln1.009,p.(Arg151*),CLN1
juvenile,6,GROD,England,cln1.004,(p.Thr75Pro),CLN1
juvenile,8,GROD,England,cln1.009,p.(Arg151*),CLN1
juvenile,8,GROD,England,cln1.004,(p.Thr75Pro),CLN1
juvenile,7,GROD,Canada,cln1.009,p.(Arg151*),CLN1
juvenile,7,GROD,Canada,cln1.004,(p.Thr75Pro),CLN1
juvenile,7,GROD,Canada,cln1.009,p.(Arg151*),CLN1
juvenile,7,GROD,Canada,cln1.004,(p.Thr75Pro),CLN1
juvenile,7,GROD,Canada,cln1.009,p.(Arg151*),CLN1
juvenile,7,GROD,Canada,cln1.004,(p.Thr75Pro),CLN1
juvenile,7,GROD,USA,cln1.004,(p.Thr75Pro),CLN1
juvenile,8,GROD,USA,cln1.004,(p.Thr75Pro),CLN1
juvenile,8,GROD,USA,cln1.004,(p.Thr75Pro),CLN1
juvenile,10,GROD,Scotland,cln1.009,p.(Arg151*),CLN1
juvenile,10,GROD,Scotland,cln1.004,(p.Thr75Pro),CLN1
juvenile,10,GROD,Belgium,cln1.009,p.(Arg151*),CLN1
juvenile,10,GROD,Belgium,cln1.006,p.(Leu219Gln),CLN1
juvenile,7,GROD,USA,cln1.009,p.(Arg151*),CLN1
juvenile,7,GROD,USA,cln1.005,p.(Asp79Gly),CLN1
juvenile,7,GROD,Scotland,cln1.008,p.(Leu10*),CLN1
juvenile,7,GROD,Scotland,cln1.004,(p.Thr75Pro),CLN1
juvenile,7,GROD,Scotland,cln1.009,p.(Arg151*),CLN1
juvenile,7,GROD,Scotland,cln1.004,(p.Thr75Pro),CLN1
juvenile,7,GROD,Scotland,cln1.008,p.(Leu10*),CLN1
juvenile,7,GROD,Scotland,cln1.004,(p.Thr75Pro),CLN1
juvenile,7,GROD,Scotland,cln1.009,p.(Arg151*),CLN1
juvenile,7,GROD,Scotland,cln1.004,(p.Thr75Pro),CLN1
infantile,0.3,GROD,Sweden / Norway,cln1.001,p.Arg122Trp,CLN1
infantile,0.3,GROD,Sweden / Norway,cln1.017,p.(Val181Met),CLN1
infantile,0.5,GROD,,cln1.009,p.(Arg151*),CLN1
infantile,0.5,GROD,,cln1.015,p.(Arg164*),CLN1
infantile,0.5,GROD,Greece / Ireland,cln1.008,p.(Leu10*),CLN1
infantile,0.7,GROD,Germany,cln1.009,p.(Arg151*),CLN1
infantile,0.7,GROD,Germany / England/ Poland,cln1.009,p.(Arg151*),CLN1
infantile,0.7,GROD,Scotland / Ireland / England / Germany / Sweden,cln1.009,p.(Arg151*),CLN1
infantile,0.7,GROD,Scotland / Ireland / England / Germany / Sweden,cln1.014,p.(Met133Argfs*4),CLN1
infantile,1,GROD,Sweden / Dutch,cln1.009,p.(Arg151*),CLN1
infantile,1,GROD,Germany / Wales / USA / Italy,cln1.009,p.(Arg151*),CLN1
infantile,1,GROD,Germany / Wales / USA / Italy,cln1.009,p.(Arg151*),CLN1
infantile,1,GROD,Sweden / Norway,cln1.001,p.Arg122Trp,CLN1
infantile,1,GROD,Sweden / Norway,cln1.012,p.(Gly42Glu),CLN1
infantile,1,GROD,Ireland / Wales / England / Germany / Norway,cln1.009,p.(Arg151*),CLN1
infantile,1,GROD,Ireland / Wales / England / Germany / Norway,cln1.011,p.(His39Gln),CLN1
infantile,1,GROD,Wales / England / Germany / Netherlands,cln1.020,c.727-2A>T,CLN1
infantile,1,GROD,Wales / England / Germany / Netherlands,cln1.009,p.(Arg151*),CLN1
infantile,,GROD,Ireland / England / Sweden,cln1.001,p.Arg122Trp,CLN1
infantile,,GROD,Ireland / England / Sweden,cln1.018,p.(Glu184Lys),CLN1
infantile,1.5,GROD,Norway / Canada / USA,cln1.008,p.(Leu10*),CLN1
infantile,1.5,GROD,Norway / Canada / USA,cln1.013,p.(Tyr109Asp),CLN1
late infantile,1.5,GROD,Scotland / Ireland / England / Germany,cln1.009,p.(Arg151*),CLN1
late infantile,1.5,GROD / CV,Germany / Ireland,cln1.009,p.(Arg151*),CLN1
late infantile,1.5,GROD / CV,Germany / Ireland,cln1.017,p.(Val181Met),CLN1
late infantile,1.5,GROD,Morocco,,not identified,CLN1
late infantile,1.5,GROD,Morocco,cln1.015,p.(Arg164*),CLN1
late infantile,3.5,GROD,Scotland / Germany / Ireland,cln1.010,c.3G>A,CLN1
late infantile,3.5,GROD,Scotland / Germany / Ireland,cln1.013,p.(Tyr109Asp),CLN1
late infantile,3.5,GROD,England,cln1.016,p.(Gln177Glu),CLN1
late infantile,3.5,GROD,England,cln1.023,p.(Trp296*),CLN1
juvenile,5,GROD,Germany / USA,cln1.010,c.3G>A,CLN1
juvenile,5,GROD,Germany / USA,cln1.021,p.(Tyr247His),CLN1
juvenile,5,GROD,Germany,cln1.009,p.(Arg151*),CLN1
juvenile,5,GROD,Germany,cln1.022,p.(Gly250Val),CLN1
juvenile,5,GROD / CV / FP,France Canada / Ireland,cln1.009,p.(Arg151*),CLN1
juvenile,5,GROD / CV / FP,France Canada / Ireland,cln1.004,(p.Thr75Pro),CLN1
juvenile,6,GROD / CV,Norway / Germany / Ireland / England,cln1.009,p.(Arg151*),CLN1
juvenile,6,GROD / CV,Norway / Germany / Ireland / England,cln1.004,(p.Thr75Pro),CLN1
juvenile,6,GROD,Scotland / Ireland / England / France / France Canada,cln1.009,p.(Arg151*),CLN1
juvenile,6,GROD,Scotland / Ireland / England / France / France Canada,cln1.004,(p.Thr75Pro),CLN1
juvenile,7,GROD / CV / FP,Scotland / Ireland / Germany / Hungary,cln1.009,p.(Arg151*),CLN1
juvenile,7,GROD / CV / FP,Scotland / Ireland / Germany / Hungary,cln1.004,(p.Thr75Pro),CLN1
juvenile,7,GROD / CV / FP,Germany / Ireland,cln1.004,(p.Thr75Pro),CLN1
juvenile,7,GROD / CV / FP,Germany / Ireland,cln1.017,p.(Val181Met),CLN1
juvenile,7,GROD / CV / FP,,cln1.004,(p.Thr75Pro),CLN1
juvenile,7,GROD / CV / FP,,cln1.019,p.(Tyr215Serfs*5),CLN1
juvenile,7.5,GROD,England / Hispanic,cln1.009,p.(Arg151*),CLN1
juvenile,7.5,GROD,England / Hispanic,cln1.005,p.(Asp79Gly),CLN1
juvenile,7.5,GROD,Scotland,cln1.004,(p.Thr75Pro),CLN1
infantile,,,Scotland,cln1.009,p.(Arg151*),CLN1
infantile,,,Scotland,cln1.009,p.(Arg151*),CLN1
infantile,,,Scotland,cln1.002,p.Lys55*,CLN1
infantile,,,Scotland,cln1.009,p.(Arg151*),CLN1
infantile,,,Scotland,cln1.008,p.(Leu10*),CLN1
infantile,,,Scotland,cln1.008,p.(Leu10*),CLN1
infantile,1,GROD,Italy,cln1.007,p.(Met57Asnfs*45),CLN1
infantile,1,GROD,Italy,cln1.007,p.(Met57Asnfs*45),CLN1
infantile,1.5,CL,Turkey,cln1.007,p.(Met57Asnfs*45),CLN1
infantile,1,GROD,England,cln1.009,p.(Arg151*),CLN1
infantile,1,GROD,England,cln1.033,p.Glu59Argfs*12,CLN1
infantile,1,GROD,Turkey,cln1.030,c.125-2A>G,CLN1
infantile,0.8,GROD,France,,not identified,CLN1
infantile,0.8,GROD,France,cln1.036,p.(Gln259Thrfs*36),CLN1
infantile,0.7,GROD,,cln1.031,p.(Cys46dup),CLN1
,,,,cln1.031,p.(Cys46dup),CLN1
infantile,1,GROD,Turkey,cln1.018,p.(Glu184Lys),CLN1
,,,,cln1.018,p.(Glu184Lys),CLN1
infantile,2.2,GROD,Austria,cln1.009,p.(Arg151*),CLN1
,,,,cln1.009,p.(Arg151*),CLN1
infantile,,,USA,cln1.009,p.(Arg151*),CLN1
,,,,cln1.009,p.(Arg151*),CLN1
infantile,1,GROD,England,cln1.009,p.(Arg151*),CLN1
,,,,cln1.009,p.(Arg151*),CLN1
,,,,cln1.035,c.628-1G>T,CLN1
infantile,1.5,GROD,England / Ireland / Germany,cln1.027,p.(Phe85del),CLN1
infantile,,,Japan,,not identified,CLN1
infantile,,,Japan,cln1.034,p.(Cys152*),CLN1
infantile,1,GROD,,cln1.009,p.(Arg151*),CLN1
infantile,1,GROD,Ireland / Norway,cln1.009,p.(Arg151*),CLN1
infantile,1,GROD,Ireland / Norway,cln1.028,p.(Gly118Asp),CLN1
infantile,1.25,GROD,,cln1.015,p.(Arg164*),CLN1
infantile,1.25,GROD,,cln1.029,p.(Gln291*),CLN1
infantile,1.5,GROD,Sweden / Germany,cln1.009,p.(Arg151*),CLN1
infantile,1.5,GROD,Sweden / Germany,cln1.007,p.(Met57Asnfs*45),CLN1
late infantile,3,GROD,Germany,cln1.016,p.(Gln177Glu),CLN1
late infantile,3,GROD,Germany,cln1.027,p.(Phe85del),CLN1
late infantile,3.2,GROD,,cln1.009,p.(Arg151*),CLN1
late infantile,3.2,GROD,,cln1.016,p.(Gln177Glu),CLN1
juvenile,5,GROD,Germany / Ireland / Scotland / British,cln1.004,(p.Thr75Pro),CLN1
juvenile,5,GROD,Germany / Ireland / Scotland / British,cln1.017,p.(Val181Met),CLN1
juvenile,8,GROD,Ireland / Germany / Wales / Scotland / British,cln1.004,(p.Thr75Pro),CLN1
adult,31,GROD,France,cln1.009,p.(Arg151*),CLN1
adult,31,GROD,France,cln1.044,p.(Gly108Arg),CLN1
adult,38,NA (sister has GROD),,cln1.009,p.(Arg151*),CLN1
adult,38,NA (sister has GROD),,cln1.044,p.(Gly108Arg),CLN1
juvenile,4,GROD,Italy,cln1.045,p.Leu222Pro,CLN1
infantile,0.7,GROD,Portugal,cln1.017,p.(Val181Met),CLN1
late infantile,2,GROD,Italy,cln1.049,c.125-15T>G,CLN1
late infantile,2.5,GROD,Italy,cln1.049,c.125-15T>G,CLN1
infantile,<1,,China,cln1.053,c.124+1G>A,CLN1
infantile,<1,,China,cln1.018,p.(Glu184Lys),CLN1
infantile,<1,,China,cln1.052,p.(Gln91Pro),CLN1
adult,24,GROD,England,cln1.009,p.(Arg151*),CLN1
adult,24,GROD,England,cln1.050,p.(Cys45Tyr),CLN1
,,,Turkey,cln1.057,p.(Trp38Cys),CLN1
late infantile,2,GROD,Italy,cln1.045,p.Leu222Pro,CLN1
late infantile,3,GROD (FP),Italy,cln1.045,p.Leu222Pro,CLN1
late infantile,4,GROD,Italy,cln1.045,p.Leu222Pro,CLN1
late infantile,3,GROD (FP),Italy,cln1.055,c.124+1214del3.6kb,CLN1
late infantile,3,GROD (FP),Italy,cln1.026,p.(Val181Leu),CLN1
juvenile,6,GROD,Brazil,cln1.048,c.363-3T>G,CLN1
juvenile,6,GROD,Brazil,cln1.009,p.(Arg151*),CLN1
juvenile,6,not performed,Finland,cln1.001,p.Arg122Trp,CLN1
juvenile,6,not performed,Finland,cln1.046,p.(Cys152Tyr),CLN1
late infantile,3,,USA,cln1.072,c.536+1G>A,CLN1
juvenile,3,,Spain,cln1.026,p.(Val181Leu),CLN1
juvenile,4,GROD / CV / RL,Spain,cln1.026,p.(Val181Leu),CLN1
juvenile,2,GROD,Spain,cln1.026,p.(Val181Leu),CLN1
juvenile,4,GROD,Spain,cln1.026,p.(Val181Leu),CLN1
juvenile,3,,Spain,cln1.026,p.(Val181Leu),CLN1
juvenile,4,,Spain,cln1.026,p.(Val181Leu),CLN1
juvenile,2,,Spain,cln1.026,p.(Val181Leu),CLN1
juvenile,4,GROD (FP),Spain,cln1.026,p.(Val181Leu),CLN1
juvenile,6,,Spain,cln1.026,p.(Val181Leu),CLN1
,,,Turkey,cln1.057,p.(Trp38Cys),CLN1
,,,Turkey,cln1.057,p.(Trp38Cys),CLN1
,3.5,,Turkey,cln1.061,c.363-4G>A,CLN1
,2,,Turkey,cln1.061,c.363-4G>A,CLN1
,2,,Turkey,,not identified,CLN1
,3,,Turkey,cln1.061,c.363-4G>A,CLN1
,3,,Turkey,,not identified,CLN1
infantile,0.4,,Turkey,,not identified,CLN1
infantile,0.4,,Turkey,cln1.025,p.(Ile134Thr),CLN1
infantile,0.4,,Turkey,,not identified,CLN1
infantile,0.4,,Turkey,cln1.025,p.(Ile134Thr),CLN1
,,,Turkey,cln1.059,p.(Ser138Leu),CLN1
infantile,0.5,,Turkey,cln1.070,p.(Leu180Profs*9),CLN1
,,,Turkey,cln1.063,p.(Pro189Arg),CLN1
,,,Spain,cln1.017,p.(Val181Met),CLN1
,,,Spain,cln1.017,p.(Val181Met),CLN1
,,,Spain,cln1.017,p.(Val181Met),CLN1
,,,USA,cln1.001,p.Arg122Trp,CLN1
,,,USA,cln1.009,p.(Arg151*),CLN1
,,,USA,cln1.007,p.(Met57Asnfs*45),CLN1
,,,USA,cln1.007,p.(Met57Asnfs*45),CLN1
,,,USA,cln1.007,p.(Met57Asnfs*45),CLN1
juvenile,,GROD (FP),Italy,cln1.067,c.235-3T>C,CLN1
juvenile,,GROD (FP),Italy,cln1.017,p.(Val181Met),CLN1
juvenile,,GROD (FP),Italy,cln1.067,c.235-3T>C,CLN1
juvenile,,GROD (FP),Italy,cln1.017,p.(Val181Met),CLN1
,,,UK,cln1.009,p.(Arg151*),CLN1
,,,UK,cln1.009,p.(Arg151*),CLN1
,,,UK,cln1.009,p.(Arg151*),CLN1
,,,UK,cln1.016,p.(Gln177Glu),CLN1
,,,UK,cln1.009,p.(Arg151*),CLN1
,,,UK,cln1.008,p.(Leu10*),CLN1
,,,UK,cln1.064,p.(Trp296Arg),CLN1
,,,UK,cln1.001,p.Arg122Trp,CLN1
,,,UK,cln1.017,p.(Val181Met),CLN1
,,,UK,cln1.065,p.(Trp38*),CLN1
,,,UK,cln1.031,p.(Cys46dup),CLN1
,,,UK,cln1.009,p.(Arg151*),CLN1
,,,UK,cln1.009,p.(Arg151*),CLN1
,,,UK,cln1.009,p.(Arg151*),CLN1
,,,UK,cln1.009,p.(Arg151*),CLN1
,,,UK,cln1.008,p.(Leu10*),CLN1
,,,UK,cln1.062,p.(His187Arg),CLN1
,,,UK,cln1.008,p.(Leu10*),CLN1
,,,UK,cln1.009,p.(Arg151*),CLN1
,,,UK,cln1.008,p.(Leu10*),CLN1
,,,UK,cln1.009,p.(Arg151*),CLN1
,,,UK,cln1.050,p.(Cys45Tyr),CLN1
,,,UK,cln1.007,p.(Met57Asnfs*45),CLN1
,,,UK,cln1.009,p.(Arg151*),CLN1
,,,UK,cln1.039,p.(Cys96Tyr),CLN1
,,,UK,cln1.009,p.(Arg151*),CLN1
,,,UK,cln1.071,p.(Trp186*),CLN1
,,,UK,cln1.009,p.(Arg151*),CLN1
,,,UK,cln1.017,p.(Val181Met),CLN1
,,,Iran,cln1.074,c.536+2T>C,CLN1
,,,UK,cln1.009,p.(Arg151*),CLN1
,,,UK,cln1.066,p.(Trp38Cysfs*12),CLN1
,,,UK,cln1.009,p.(Arg151*),CLN1
,,,UK,cln1.013,p.(Tyr109Asp),CLN1
,,,UK,cln1.009,p.(Arg151*),CLN1
,,,UK,cln1.009,p.(Arg151*),CLN1
,,,UK,cln1.009,p.(Arg151*),CLN1
,,,UK,cln1.016,p.(Gln177Glu),CLN1
,,,The Netherlands,cln1.009,p.(Arg151*),CLN1
,,,The Netherlands,cln1.044,p.(Gly108Arg),CLN1
,,,The Netherlands,cln1.009,p.(Arg151*),CLN1
,,,The Netherlands,cln1.009,p.(Arg151*),CLN1
,,,Finland,cln1.009,p.(Arg151*),CLN1
,,,Finland,cln1.009,p.(Arg151*),CLN1
,,,,cln1.009,p.(Arg151*),CLN1
,,,,cln1.009,p.(Arg151*),CLN1
,,,Finland,cln1.001,p.Arg122Trp,CLN1
,,,Finland,cln1.017,p.(Val181Met),CLN1
,,,Sweden,cln1.001,p.Arg122Trp,CLN1
,,,Sweden,cln1.046,p.(Cys152Tyr),CLN1
,,,Turkey,cln1.038,p.(Gln91_Cys96delinsPhe),CLN1
,,,Turkey,cln1.038,p.(Gln91_Cys96delinsPhe),CLN1
,,,The Netherlands,cln1.009,p.(Arg151*),CLN1
,,,The Netherlands,cln1.015,p.(Arg164*),CLN1
,,,The Netherlands,cln1.009,p.(Arg151*),CLN1
,,,The Netherlands,cln1.056,p.(Val228Gly),CLN1
,,,Finland,cln1.001,p.Arg122Trp,CLN1
,,,Finland,cln1.060,p.(Leu305Pro),CLN1
,,,Canada,cln1.004,(p.Thr75Pro),CLN1
,,,Canada,cln1.004,(p.Thr75Pro),CLN1
,,,Canada,cln1.009,p.(Arg151*),CLN1
,,,Canada,cln1.008,p.(Leu10*),CLN1
,,,Canada,cln1.009,p.(Arg151*),CLN1
,,,Canada,cln1.004,(p.Thr75Pro),CLN1
,,,Canada,cln1.009,p.(Arg151*),CLN1
,,,Canada,cln1.017,p.(Val181Met),CLN1
,,,Canada,cln1.009,p.(Arg151*),CLN1
,,,Canada,cln1.004,(p.Thr75Pro),CLN1
,,,Canada,cln1.058,c.627+4A>G,CLN1
,,,Canada,cln1.025,p.(Ile134Thr),CLN1
,,,Canada,,not identified,CLN1
,,,Canada,cln1.025,p.(Ile134Thr),CLN1
,,,Russia,,not identified,CLN1
,,,Russia,cln1.007,p.(Met57Asnfs*45),CLN1
infantile,,,Germany,,not identified,CLN1
infantile,,,Germany,cln1.027,p.(Phe85del),CLN1
juvenile,,,The Netherlands,,not identified,CLN1
juvenile,,,The Netherlands,cln1.039,p.(Cys96Tyr),CLN1
infantile,,,UK,,not identified,CLN1
infantile,,,UK,cln1.040,p.(Lys104*),CLN1
infantile,,,The Netherlands,,not identified,CLN1
infantile,,,The Netherlands,cln1.041,p.(Gln182*),CLN1
infantile,,,USA,,not identified,CLN1
infantile,,,USA,cln1.037,p.Phe225Ser,CLN1
infantile,,,USA,cln1.035,c.628-1G>T,CLN1
infantile,,,USA,,not identified,CLN1
,,,The Netherlands,,Probably not identified,CLN1
,,,The Netherlands,,not identified,CLN1
,,,France,cln1.003,c.*526_*529delATCA,CLN1
,,,France,,not identified,CLN1
infantile,,,England/ Czech Republic,cln1.047,c.312delA,CLN1
infantile,,,England/ Czech Republic,cln1.017,p.(Val181Met),CLN1
infantile,,,Russia,,not identified,CLN1
infantile,,,Russia,cln1.009,p.(Arg151*),CLN1
infantile,,,The Netherlands,,not identified,CLN1
infantile,,,The Netherlands,cln1.009,p.(Arg151*),CLN1
infantile,,,Belgium,,not identified,CLN1
infantile,,,Belgium,cln1.018,p.(Glu184Lys),CLN1
juvenile,8,GROD,UK,cln1.009,p.(Arg151*),CLN1
juvenile,8,GROD,UK,cln1.039,p.(Cys96Tyr),CLN1
juvenile,10,,USA,cln1.076,p.Glu260Lysfs*35,CLN1
juvenile,10,,USA,cln1.021,p.(Tyr247His),CLN1
infantile,1.2,,Spain,cln1.017,p.(Val181Met),CLN1
infantile,1.1,GROD,Spain,cln1.017,p.(Val181Met),CLN1
infantile,1,,Spain,cln1.077,p.Glu178Val,CLN1
infantile,1,,Spain,cln1.078,p.Ser241Leu,CLN1
juvenile,9,,,cln1.004,(p.Thr75Pro),CLN1
juvenile,9,,,cln1.032,c.234+1G>A,CLN1
infantile,1.6,,Japan,cln1.077,p.(Leu7Hisfs*21),CLN1
juvenile,,,Romania,cln1.070,p.(Leu222Pro) ,CLN1
,,,,cln1.017,p.(Val181Met),CLN1
,,,,cln1.024,p.(Asn110Ser),CLN1
,,,,cln1.079,p.(Val236Glu),CLN1
,,,,cln1.080,p.(Cys45Arg),CLN1
,,,,cln1.081,p.(Pro238Leu),CLN1
,,,,cln1.081,p.(Pro238Leu),CLN1
,,,,cln1.082,p.(Glu178Asnfs*13 ),CLN1
,,,,cln1.071,p.(Trp186*),CLN1
Fragility fractures,,,,cln1.083,c.362+5G>T,CLN1
Fragility fractures,,,,cln1.084,c.628-1G>T,CLN1
,,,Ethiopia,cln1.085,p.(Asp267ThrfsTer5),CLN1
infantile / congenital,,,Turkey,cln1.086,p.Gln106Ter,CLN1
,,,Uzbekistan,cln1.087,p.(Cys6*),CLN1
,,,Egypt,cln1.088,p.(Gln97*),CLN1
,,,India,cln1.089,p.?,CLN1
,,,Saudi Arabia,cln1.090,p.(Trp186Arg),CLN1
,,,Iran,cln1.091,p.(Leu27Serfs*12),CLN1
,,,Egypt,cln1.092,p.(Gln259*),CLN1
,,,Egypt,cln1.093,p.(Glu286*),CLN1
,,,Turkey,cln1.094,p.(His289Ilefs*55),CLN1
,,,India,cln1.081,p.Pro238Leu ,CLN1
,,,India,cln1.081,p.Pro238Leu ,CLN1
infantile,1.3,,Iran,cln1.007,p.(Met57Asnfs*),CLN1
late infantile,,,India,cln1.097, p.(Gly73Trp),CLN1
infantile,,,India,cln1.098, p.(Ala183Ser),CLN1
,,,India,cln1.081,p.(Pro238Leu),CLN1
juvenile,8,,Japan,cln1.099,p.(Glu59del),CLN1
juvenile,8,,Japan,cln1.100,p.(Val175AlafsTer19),CLN1
,,,China,cln1.101,p.(Thr94Pro),CLN1
,,,China,cln1.102,c.124+3del,CLN1
infantile,1.1,,Thailand,cln1.103,p.(Ile211Valfs*),CLN1
late infantile,3,,India,cln1.104,p.(Tyr172Ser),CLN1
late infantile,2,,India,cln1.009,p.(Arg151*),CLN1
late infantile,1.6,,India,,Exon 01 deletion,CLN1
late infantile,2.5,,India,cln1.081,p.(Pro238Leu),CLN1
late infantile,3,,India,cln1.024,p.(Asn110Ser),CLN1
late infantile,3.5,,India,cln1.081,p.(Pro238Leu),CLN1
congenital,0.1,granular osmiophilic deposit (muscle),,cln1.037,p.(Phe225Ser),CLN1
juvenile,8,,,cln1.052,p.(Gln91Pro),CLN1
juvenile,8,,,cln1.105,p.(Glu59Gly),CLN1
,,,,,,CLN1
,,,,,,CLN1
,,,,,,CLN1
,,,,,,CLN1
,,,,,,CLN1
late infantile,,,Ireland / Scotland / England,cln2.004,c.509-1G>C,CLN2
late infantile,,,Ireland / Scotland / England,cln2.001,p.(Arg208*),CLN2
late infantile,,,USA,cln2.004,c.509-1G>C,CLN2
late infantile,,,USA,cln2.004,c.509-1G>C,CLN2
late infantile,,,USA,cln2.001,p.(Arg208*),CLN2
late infantile,,,USA,cln2.004,c.509-1G>C,CLN2
late infantile,,,USA,cln2.001,p.(Arg208*),CLN2
late infantile,,,USA,cln2.004,c.509-1G>C,CLN2
late infantile,,,USA,cln2.001,p.(Arg208*),CLN2
late infantile,,,USA,cln2.004,c.509-1G>C,CLN2
late infantile,,,USA,cln2.001,p.(Arg208*),CLN2
late infantile,,,USA,cln2.004,c.509-1G>C,CLN2
late infantile,,,USA,,not identified,CLN2
late infantile,,,USA,cln2.004,c.509-1G>C,CLN2
late infantile,,,USA,,not identified,CLN2
late infantile,,,USA,cln2.004,c.509-1G>C,CLN2
late infantile,,,USA,,not identified,CLN2
late infantile,,,USA,cln2.004,c.509-1G>C,CLN2
late infantile,,,USA,,not identified,CLN2
late infantile,,,USA,,not identified,CLN2
late infantile,,,USA,cln2.001,p.(Arg208*),CLN2
late infantile,3,CV,Italy,cln2.010,p.(Gln66*),CLN2
late infantile,3,CV,Spain / France / England / Ireland / USA,cln2.004,c.509-1G>C,CLN2
late infantile,3,CV,Spain / France / England / Ireland / USA,cln2.011,p.(Gln75=),CLN2
late infantile,3,CV / GROD,Ireland / USA /  Germany,cln2.004,c.509-1G>C,CLN2
late infantile,3,CV / GROD,Ireland / USA /  Germany,cln2.012,p.(Gly77Arg),CLN2
late infantile,2.2,FP,,cln2.021,p.(Gly389Glu),CLN2
late infantile,3,CV,,cln2.021,p.(Gly389Glu),CLN2
late infantile,3,CV,Germany,cln2.001,p.(Arg208*),CLN2
late infantile,3,CV,Germany,cln2.013,p.(Ile126Argfs*8),CLN2
late infantile,,,,cln2.001,p.(Arg208*),CLN2
late infantile,,,,cln2.013,p.(Ile126Argfs*8),CLN2
late infantile,3,CV,Mexico,cln2.014,p.(Arg127*),CLN2
late infantile,3,CV,Mexico,cln2.001,p.(Arg208*),CLN2
late infantile,3.5,CV / FP,England / Scotland,cln2.007,c.509-1G>A,CLN2
late infantile,3.5,CV / FP,England / Scotland,cln2.004,c.509-1G>C,CLN2
late infantile,3,CV,England / The Netherlands,cln2.007,c.509-1G>A,CLN2
late infantile,3,CV,England / The Netherlands,cln2.004,c.509-1G>C,CLN2
late infantile,3.5,CV,England / Germany,cln2.007,c.509-1G>A,CLN2
late infantile,3.5,CV,England / Germany,cln2.022,p.(Gln422His),CLN2
late infantile,3,CV,England / Germany,cln2.004,c.509-1G>C,CLN2
late infantile,3,CV,England / Ireland,cln2.004,c.509-1G>C,CLN2
late infantile,2.5,CV,Sweden / England / Ireland / Scotland / Norway,cln2.004,c.509-1G>C,CLN2
late infantile,3.5,CV,Germany,cln2.004,c.509-1G>C,CLN2
late infantile,3,CV,Scotland / Ireland,cln2.004,c.509-1G>C,CLN2
late infantile,3.3,CV,England-Ireland / England-Sweden,cln2.004,c.509-1G>C,CLN2
late infantile,3.5,CV,England-Ireland / Germany-India,cln2.004,c.509-1G>C,CLN2
late infantile,3,CV,England,cln2.004,c.509-1G>C,CLN2
late infantile,3,CV,England,cln2.001,p.(Arg208*),CLN2
late infantile,2,CV,Canada,cln2.004,c.509-1G>C,CLN2
late infantile,2,CV,Canada,cln2.001,p.(Arg208*),CLN2
late infantile,2,CV,England / Germany,cln2.004,c.509-1G>C,CLN2
late infantile,2,CV,England / Germany,cln2.001,p.(Arg208*),CLN2
late infantile,2,CV,Germany / Ireland-Scotland,cln2.004,c.509-1G>C,CLN2
late infantile,2,CV,Germany / Ireland-Scotland,cln2.001,p.(Arg208*),CLN2
late infantile,3,CV,Germany -Czech Republic / Canada-USA,cln2.004,c.509-1G>C,CLN2
late infantile,3,CV,Germany -Czech Republic / Canada-USA,cln2.001,p.(Arg208*),CLN2
late infantile,2.9,CV,Denmark,cln2.004,c.509-1G>C,CLN2
late infantile,2.9,CV,Denmark,cln2.001,p.(Arg208*),CLN2
late infantile,3.8,CV,Northern Europe,cln2.004,c.509-1G>C,CLN2
late infantile,3.8,CV,Northern Europe,cln2.001,p.(Arg208*),CLN2
late infantile,2.3,CV,England / Scotland,cln2.004,c.509-1G>C,CLN2
late infantile,2.3,CV,England / Scotland,cln2.001,p.(Arg208*),CLN2
late infantile,3,CV,England / Ireland / Scotland,cln2.004,c.509-1G>C,CLN2
late infantile,3,CV,England / Ireland / Scotland,cln2.001,p.(Arg208*),CLN2
late infantile,3,CV,England / Ireland / USA,cln2.004,c.509-1G>C,CLN2
late infantile,3,CV,England / Ireland / USA,cln2.001,p.(Arg208*),CLN2
late infantile,,,France / Ireland / Germany,cln2.004,c.509-1G>C,CLN2
late infantile,,,France / Ireland / Germany,cln2.001,p.(Arg208*),CLN2
late infantile,3,CV,Ireland Scotland-England,cln2.004,c.509-1G>C,CLN2
late infantile,3,CV,Ireland Scotland-England,cln2.001,p.(Arg208*),CLN2
late infantile,2,CV,England / Scotland,cln2.004,c.509-1G>C,CLN2
late infantile,2,CV,England / Scotland,cln2.016,c.887-18A>G,CLN2
late infantile,3,CV,France / Italy,cln2.004,c.509-1G>C,CLN2
late infantile,3,CV,France / Italy,cln2.017,p.(Ser324Argfs*2),CLN2
late infantile,3,,Finland-Sweden-Norway  / England-Scotland,cln2.004,c.509-1G>C,CLN2
late infantile,3,,Finland-Sweden-Norway  / England-Scotland,cln2.018,p.(Glu343Lys),CLN2
late infantile,,,,cln2.004,c.509-1G>C,CLN2
late infantile,,,,cln2.003,p.(Cys365Tyr),CLN2
late infantile,,,,cln2.004,c.509-1G>C,CLN2
late infantile,,,,cln2.022,p.(Gln422His),CLN2
late infantile,2.8,CV,Denmark,cln2.004,c.509-1G>C,CLN2
late infantile,2.8,CV,Denmark,cln2.022,p.(Gln422His),CLN2
juvenile,7,CV / FP,France / Germany / Ireland / Scotland / England,cln2.004,c.509-1G>C,CLN2
juvenile,7,CV / FP,France / Germany / Ireland / Scotland / England,cln2.006,p.(Arg447His) ,CLN2
late infantile,3,CV / FP,Czech Republic / Ukraine / Wales,cln2.004,c.509-1G>C,CLN2
late infantile,3,CV / FP,Czech Republic / Ukraine / Wales,cln2.024,p.(Ser475Leu),CLN2
late infantile,2.5,CV,England,cln2.001,p.(Arg208*),CLN2
late infantile,2.9,CV,Poland / Sweden / France / Bohemia,cln2.001,p.(Arg208*),CLN2
late infantile,3,CV,Norway / Germany / Poland,cln2.001,p.(Arg208*),CLN2
late infantile,3,CV / FP,Poland,cln2.001,p.(Arg208*),CLN2
late infantile,3,,Norway / Germany / Poland,cln2.001,p.(Arg208*),CLN2
late infantile,2,CV,Italy,cln2.019,c.1075+2T>G,CLN2
late infantile,2,CV,Italy,cln2.001,p.(Arg208*),CLN2
late infantile,3,CV / FP,England / Germany / Hungary / Poland / Russia,cln2.001,p.(Arg208*),CLN2
late infantile,3,CV / FP,England / Germany / Hungary / Poland / Russia,cln2.020,p.(Val385Asp),CLN2
late infantile,3,CV,Poland / Germany,cln2.001,p.(Arg208*),CLN2
late infantile,3,CV,Poland / Germany,cln2.022,p.(Gln422His,CLN2
late infantile,3,CV,Mexico,cln2.001,p.(Arg208*),CLN2
late infantile,3,CV,Mexico,cln2.022,p.(Gln422His,CLN2
late infantile,2.5,CV,England / Ireland,cln2.001,p.(Arg208*),CLN2
late infantile,2.5,CV,England / Ireland,cln2.022,p.(Gln422His,CLN2
juvenile,8,CV / FP,Germany / Ireland / Poland / England,cln2.001,p.(Arg208*),CLN2
juvenile,8,CV / FP,Germany / Ireland / Poland / England,cln2.006,p.(Arg447His),CLN2
,,,,cln2.025,c.1552-1G>C,CLN2
,,,,cln2.001,p.(Arg208*),CLN2
,,,,,not identified,CLN2
,,,,cln2.015,p.(Ile287Asn),CLN2
late infantile,3,CV,Italy,cln2.017,p.(Ser324Argfs*2),CLN2
late infantile,3,CV,Italy,cln2.017,p.(Ser324Argfs*2)),CLN2
late infantile,3.5,CV,England,cln2.018,p.(Glu343Lys),CLN2
late infantile,,,,cln2.002,p.(Cys365Arg),CLN2
late infantile,,,,cln2.026,p.(Gln534Profs*74),CLN2
late infantile,,,,cln2.003,p.(Cys365Tyr),CLN2
late infantile,,,,cln2.023,p.(Ala454Glu),CLN2
late infantile,,,,cln2.003,p.(Cys365Tyr),CLN2
late infantile,2.5,CV,Spain,cln2.022,p.(Gln422His,CLN2
late infantile,3,CV,Romania / Canada,cln2.027,p.(Leu560Thrfs*47),CLN2
late infantile,0.8,CV / GROD,,,not identified,CLN2
late infantile,,,Middle East,,not identified,CLN2
late infantile,3.5,CV / FP,UK / Ireland ,cln2.007,c.509-1G>A,CLN2
late infantile,3.5,CV / FP,UK / Ireland ,cln2.004,c.509-1G>C,CLN2
juvenile,7,CV / FP,Lebanon,cln2.007,c.509-1G>A,CLN2
juvenile,7,CV / FP,Lebanon,cln2.122,uncharacterised 5' rearrangement resulting in insertion of intron sequences and frameshift,CLN2
late infantile,2-2.5,CV,USA,cln2.001,p.(Arg208*),CLN2
late infantile,2-2.5,CV,USA,cln2.057,p.(Gly473Arg),CLN2
late infantile,3,CV,USA,cln2.104,c.381-2A>G,CLN2
late infantile,3,CV,USA,cln2.001,p.(Arg208*),CLN2
late infantile,4,CV,USA,cln2.004,c.509-1G>C,CLN2
late infantile,4,CV,USA,cln2.056,p.(Trp460*),CLN2
late infantile,3,CV,USA,cln2.004,c.509-1G>C,CLN2
late infantile,3,CV,USA,cln2.058,p.(Pro544Ser),CLN2
late infantile,2-2.5,,USA,cln2.004,c.509-1G>C,CLN2
late infantile,2-2.5,,USA,cln2.054,p.(Gly284Val),CLN2
late infantile,2,CV,USA,cln2.004,c.509-1G>C,CLN2
late infantile,2,CV,USA,cln2.051,p.(Leu120Serfs*18),CLN2
late infantile,4,CV / FP / GROD,USA,cln2.004,c.509-1G>C,CLN2
late infantile,4,CV / FP / GROD,USA,cln2.052,p.(Arg127Gln),CLN2
late infantile,0.33,CV,Italy,cln2.001,p.(Arg208*),CLN2
late infantile,3.5,CV,Europe / USA,cln2.004,c.509-1G>C,CLN2
late infantile,3.5,CV,Europe / USA,cln2.001,p.(Arg208*),CLN2
late infantile,3,CV,Turkey,cln2.041,p.(Arg206Cys),CLN2
late infantile,3.5,CV,Italy,cln2.045,p.(Gln509*),CLN2
late infantile,3,CV / FP,Italy,cln2.001,p.(Arg208*),CLN2
late infantile,3,CV / FP,Italy,cln2.045,p.(Gln509*),CLN2
late infantile,3.5,CV / FP,Italy,cln2.001,p.(Arg208*),CLN2
late infantile,3.5,CV / FP,Italy,cln2.045,p.(Gln509*),CLN2
late infantile,2,CV,China,cln2.057,p.(Gly473Arg),CLN2
late infantile,2,CV,China,cln2.059,p.(Ser62Glyfs*25),CLN2
late infantile,,CV,Germany,cln2.004,c.509-1G>C,CLN2
late infantile,,CV,Germany,cln2.001,p.(Arg208*),CLN2
late infantile,,CV,Germany,cln2.001,p.(Arg208*),CLN2
late infantile,,CV,Germany,cln2.001,p.(Arg208*),CLN2
late infantile,,CV,Germany,cln2.001,p.(Arg208*),CLN2
late infantile,,CV,Germany,cln2.004,c.509-1G>C,CLN2
late infantile,,CV,Germany,cln2.001,p.(Arg208*),CLN2
late infantile,,CV,Germany,cln2.004,c.509-1G>C,CLN2
late infantile,,CV,Germany,cln2.001,p.(Arg208*),CLN2
late infantile,,CV,Germany,cln2.004,c.509-1G>C,CLN2
late infantile,,CV,Germany,cln2.001,p.(Arg208*),CLN2
late infantile,,CV,Germany,cln2.004,c.509-1G>C,CLN2
late infantile,,CV,Germany,cln2.001,p.(Arg208*),CLN2
late infantile,,CV,Germany,cln2.004,c.509-1G>C,CLN2
late infantile,,CV,Germany,cln2.001,p.(Arg208*),CLN2
late infantile,,CV,Germany,cln2.004,c.509-1G>C,CLN2
late infantile,,CV,Germany,cln2.001,p.(Arg208*),CLN2
late infantile,,CV,Germany,cln2.004,c.509-1G>C,CLN2
late infantile,,CV,Germany,cln2.001,p.(Arg208*),CLN2
late infantile,,CV,Germany,cln2.001,p.(Arg208*),CLN2
late infantile,,CV,Germany,cln2.001,p.(Arg208*),CLN2
late infantile,,CV,Germany,cln2.004,c.509-1G>C,CLN2
late infantile,,CV,Germany,cln2.001,p.(Arg208*),CLN2
late infantile,,CV,Germany,cln2.004,c.509-1G>C,CLN2
late infantile,,CV,Germany,cln2.001,p.(Arg208*),CLN2
late infantile,,CV,Germany,cln2.004,c.509-1G>C,CLN2
late infantile,,CV,Germany,cln2.064,p.(Thr353Pro),CLN2
late infantile,,CV,Germany,cln2.004,c.509-1G>C,CLN2
late infantile,,CV,Germany,cln2.064,p.(Thr353Pro),CLN2
late infantile,,CV,Germany,cln2.004,c.509-1G>C,CLN2
late infantile,,CV,Germany,cln2.022,p.(Gln422His,CLN2
late infantile,,CV,Germany,cln2.063,p.(Asn286Ser),CLN2
late infantile,,CV,Germany,cln2.063,p.(Asn286Ser),CLN2
late infantile,,CV,Germany,cln2.052,p.(Arg127Gln),CLN2
late infantile,,CV,Germany,cln2.001,p.(Arg208*),CLN2
late infantile,3,CV,Canada,cln2.004,c.509-1G>C,CLN2
late infantile,2.8,CV / GROD,Canada,cln2.004,c.509-1G>C,CLN2
infantile,0.9,CV,Canada,cln2.004,c.509-1G>C,CLN2
late infantile,3,CV,Canada,cln2.004,c.509-1G>C,CLN2
late infantile,3,CV,Canada,cln2.054,p.(Gly284Val),CLN2
late infantile,2.5,,Canada,cln2.004,c.509-1G>C,CLN2
late infantile,2.5,,Canada,cln2.055,p.(Lys428Asn),CLN2
late infantile,3.5,CV,Canada,cln2.004,c.509-1G>C,CLN2
late infantile,3.5,CV,Canada,cln2.001,p.(Arg208*),CLN2
late infantile,2,CV,Canada,,not identified,CLN2
late infantile,2,CV,Canada,cln2.001,p.(Arg208*),CLN2
late infantile,2,CV,Canada,cln2.001,p.(Arg208*),CLN2
late infantile,2,CV,Canada,cln2.054,p.(Gly284Val),CLN2
late infantile,,,Canada,cln2.001,p.(Arg208*),CLN2
late infantile,,,Canada,cln2.054,p.(Gly284Val),CLN2
late infantile,3,CV,Canada,cln2.054,p.(Gly284Val),CLN2
late infantile,3,,Canada,cln2.054,p.(Gly284Val),CLN2
late infantile,3,CV,Canada,,not identified,CLN2
late infantile,3,CV,Canada,cln2.054,p.(Gly284Val),CLN2
late infantile,2.5,,Canada,cln2.004,c.509-1G>C,CLN2
late infantile,2.5,,Canada,cln2.054,p.(Gly284Val),CLN2
infantile,0.1,,Canada,cln2.054,p.(Gly284Val),CLN2
infantile,0.1,,Canada,cln2.066,p.(Phe481Cys),CLN2
late infantile,3.5,CV,Canada,cln2.054,p.(Gly284Val),CLN2
late infantile,3.5,CV,Canada,cln2.069,uncharacterised 1 bp deletion ,CLN2
late infantile,3,CV,Canada,,not identified,CLN2
late infantile,3,CV,Canada,cln2.054,p.(Gly284Val),CLN2
late infantile,3,CV,Canada,,not identified,CLN2
late infantile,3,CV,Canada,cln2.054,p.(Gly284Val),CLN2
late infantile,,,Canada,,not identified,CLN2
late infantile,,,Canada,cln2.067,p.(Val277Met),CLN2
late infantile,2,CV,Canada,,not identified,CLN2
late infantile,2,CV,Canada,cln2.068,p.(Gln278Pro),CLN2
late infantile,3,CV / FP,Canada,cln2.025,c.1552-1G>C,CLN2
late infantile,3,CV / FP,Canada,,not identified,CLN2
late infantile,3.5,,Russia,cln2.001,p.(Arg208*),CLN2
late infantile,2.66,,Russia,cln2.001,p.(Arg208*),CLN2
late infantile,3,,Russia,cln2.001,p.(Arg208*),CLN2
late infantile,2.25,,,cln2.001,p.(Arg208*),CLN2
late infantile,2.25,,,cln2.065,p.(Gly144Glu),CLN2
late infantile,3,CV,Portugal,cln2.001,p.(Arg208*),CLN2
late infantile,4,CL/FP,Oman,cln2.045,p.(Gln509*),CLN2
late infantile,3.5,CL/FP,Oman,cln2.045,p.(Gln509*),CLN2
late infantile,3,CL/FP,Oman,cln2.045,p.(Gln509*),CLN2
late infantile,3.5,CL/FP,Oman,cln2.045,p.(Gln509*),CLN2
late infantile,3,CL/FP,Oman,cln2.045,p.(Gln509*),CLN2
late infantile,,,Newfoundland,cln2.082,p.(Ser475Trpfs*13),CLN2
late infantile,,,Newfoundland,cln2.082,p.(Ser475Trpfs*13),CLN2
late infantile,,,Newfoundland,cln2.082,p.(Ser475Trpfs*13),CLN2
late infantile,,,Newfoundland,cln2.054,p.(Gly284Val),CLN2
late infantile,,,Newfoundland,cln2.054,p.(Gly284Val),CLN2
late infantile,,,Newfoundland,cln2.054,p.(Gly284Val),CLN2
late infantile,,,Newfoundland,cln2.054,p.(Gly284Val),CLN2
late infantile,,,Newfoundland,cln2.054,p.(Gly284Val),CLN2
late infantile,,,Newfoundland,cln2.054,p.(Gly284Val),CLN2
late infantile,,,Newfoundland,cln2.004,c.509-1G>C,CLN2
late infantile,,,Newfoundland,cln2.004,c.509-1G>C,CLN2
late infantile,,,Newfoundland,cln2.004,c.509-1G>C,CLN2
late infantile,,,Newfoundland,cln2.004,c.509-1G>C,CLN2
late infantile,,,Newfoundland,cln2.054,p.(Gly284Val),CLN2
late infantile,,,Newfoundland,cln2.083,p.(Leu104*),CLN2
late infantile,,,Newfoundland,cln2.001,p.(Arg208*),CLN2
late infantile,,,Newfoundland,cln2.054,p.(Gly284Val),CLN2
late infantile,,,Newfoundland,cln2.001,p.(Arg208*),CLN2
late infantile,,,Newfoundland,cln2.054,p.(Gly284Val),CLN2
late infantile,,,Newfoundland,cln2.001,p.(Arg208*),CLN2
late infantile,,,Newfoundland,cln2.054,p.(Gly284Val),CLN2
late infantile,,,Newfoundland,cln2.004,c.509-1G>C,CLN2
late infantile,,,Newfoundland,cln2.054,p.(Gly284Val),CLN2
late infantile,,,Newfoundland,cln2.004,c.509-1G>C,CLN2
late infantile,,,Newfoundland,cln2.054,p.(Gly284Val),CLN2
late infantile,,,Newfoundland,cln2.004,c.509-1G>C,CLN2
late infantile,,,Newfoundland,cln2.001,p.(Arg208*),CLN2
late infantile,,,Newfoundland,cln2.004,c.509-1G>C,CLN2
late infantile,,,Newfoundland,cln2.001,p.(Arg208*),CLN2
late infantile,,,Newfoundland,,not identified,CLN2
late infantile,,,Newfoundland,cln2.054,p.(Gly284Val),CLN2
late infantile,,,Newfoundland,,not identified,CLN2
late infantile,,,Newfoundland,cln2.054,p.(Gly284Val),CLN2
juvenile,10,CV,Portugal,cln2.079,c.887-10A>G,CLN2
late infantile,3,CV,Czech Republic,cln2.001,p.(Arg208*),CLN2
late infantile,3,CV,Czech Republic,cln2.080,p.(Val480Gly),CLN2
infantile,0.5,,Turkey,cln2.085,p.(Glu402*),CLN2
infantile,0.5,,Turkey,cln2.085,p.(Glu402*),CLN2
,asymptomatic at 11 months old,,Turkey,cln2.085,p.(Glu402*),CLN2
,asymptomatic at 11 months old,,Turkey,cln2.085,p.(Glu402*),CLN2
juvenile,6,,,cln2.036,p.(Met244Thr),CLN2
juvenile,6,,,cln2.032,p.(Gly370Trpfs*33),CLN2
juvenile,6,,,cln2.047,p.(Arg339Trp),CLN2
juvenile,6,,,cln2.036,p.(Met244Thr),CLN2
juvenile,,,Peru,cln2.001,p.(Arg208*),CLN2
juvenile,,,Peru,cln2.079,c.887-10A>G,CLN2
juvenile,8,,Argentina,cln2.001,p.(Arg208*),CLN2
juvenile,8,,Argentina,cln2.079,c.887-10A>G,CLN2
not yet symptomatic,9,,Argentina,cln2.001,p.(Arg208*),CLN2
not yet symptomatic,9,,Argentina,cln2.079,c.887-10A>G,CLN2
late infantile,3,,China,cln2.071,p.(Val518*),CLN2
,unknown,,Brazil,cln2.006,p.(Arg447His),CLN2
,unknown,,Brazil,cln2.098,c.1552-1G>A,CLN2
late infantile,3,,Israel,cln2.081,p.(Arg259Valfs*17),CLN2
late infantile,3,,Israel,cln2.081,p.(Arg259Valfs*17),CLN2
late infantile,3.5,CL,China,cln2.095,c.1551+1G>A,CLN2
late infantile,3.5,CL,China,cln2.075,p.(Val216Met),CLN2
,,,Spain,cln2.084,c.17+1G>C,CLN2
,,,Spain,cln2.074,p.(Arg266Gln),CLN2
,,,Spain,cln2.077,p.(Arg339Gln),CLN2
,,,Spain,cln2.079,c.887-10A>G,CLN2
,,,Spain,cln2.113,p.(Ser382Arg),CLN2
,,,Portugal,cln2.096,c.1551+5_1551+6delGTinsTA,CLN2
,,,Portugal,cln2.096,c.1551+5_1551+6delGTinsTA,CLN2
,,,Portugal,cln2.001,p.(Arg208*),CLN2
,,,Slovakia,cln2.001,p.(Arg208*),CLN2
,,,Czech Republic,cln2.001,p.(Arg208*),CLN2
,,,Czech Republic,cln2.087,p.(Tyr79*),CLN2
,,,Slovakia,cln2.001,p.(Arg208*),CLN2
,,,Czech Republic,cln2.004,c.509-1G>C,CLN2
,,,Czech Republic,cln2.024,p.(Ser475Leu),CLN2
,,,Slovakia,cln2.001,p.(Arg208*),CLN2
,,,Slovakia,cln2.001,p.(Arg208*),CLN2
,,,Czech Republic,cln2.001,p.(Arg208*),CLN2
,,,Czech Republic,cln2.001,p.(Arg208*),CLN2
,,,Czech Republic,cln2.001,p.(Arg208*),CLN2
,,,Brazil,cln2.001,p.(Arg208*),CLN2
,,,Czech Republic,cln2.001,p.(Arg208*),CLN2
,,,Slovakia,cln2.001,p.(Arg208*),CLN2
,,,Slovakia,cln2.088,p.(Trp548Arg),CLN2
,,,Czech Republic,cln2.001,p.(Arg208*),CLN2
,,,Czech Republic,cln2.001,p.(Arg208*),CLN2
,,,Hungary,cln2.001,p.(Arg208*),CLN2
,,,Hungary,cln2.024,p.(Ser475Leu),CLN2
,,,Slovakia,cln2.004,c.509-1G>C,CLN2
,,,Slovakia,cln2.001,p.(Arg208*),CLN2
late infantile,3,,Turkey,cln2.084,c.17+1G>C,CLN2
late infantile,,CL/FP,Italy,cln2.108,p.(Gln214*),CLN2
late infantile,,CL/FP,Italy,cln2.012,p.(Gly77Arg),CLN2
late infantile,,CL/FP,Italy,cln2.109,p.(Gln264*),CLN2
late infantile,,CL/FP,Italy,cln2.012,p.(Gly77Arg),CLN2
late infantile,,CL/FP,Italy,cln2.012,p.(Gly77Arg),CLN2
late infantile,,CL/FP,Italy,cln2.111,p.(Leu355Serfs*72),CLN2
,,,UK,cln2.004,c.509-1G>C,CLN2
,,,UK,cln2.004,c.509-1G>C,CLN2
,,,UK,cln2.001,p.(Arg208*),CLN2
,,,UK,cln2.004,c.509-1G>C,CLN2
,,,UK,cln2.001,p.(Arg208*),CLN2
,,,UK,cln2.004,c.509-1G>C,CLN2
,,,UK,cln2.004,c.509-1G>C,CLN2
,,,UK,cln2.004,c.509-1G>C,CLN2
,,,UK,cln2.004,c.509-1G>C,CLN2
,,,UK,cln2.004,c.509-1G>C,CLN2
,,,UK,cln2.004,c.509-1G>C,CLN2
,,,UK,cln2.004,c.509-1G>C,CLN2
,,,UK,cln2.001,p.(Arg208*),CLN2
,,,UK,cln2.004,c.509-1G>C,CLN2
,,,UK,cln2.004,c.509-1G>C,CLN2
,,,UK,cln2.004,c.509-1G>C,CLN2
,,,UK,cln2.004,c.509-1G>C,CLN2
,,,UK,cln2.004,c.509-1G>C,CLN2
,,,UK,cln2.001,p.(Arg208*),CLN2
,,,UK,cln2.004,c.509-1G>C,CLN2
,,,UK,cln2.004,c.509-1G>C,CLN2
,,,UK,cln2.004,c.509-1G>C,CLN2
,,,UK,cln2.004,c.509-1G>C,CLN2
,,,UK,cln2.004,c.509-1G>C,CLN2
,,,UK,cln2.004,c.509-1G>C,CLN2
,,,UK,cln2.001,p.(Arg208*),CLN2
,,,UK,cln2.004,c.509-1G>C,CLN2
,,,UK,cln2.004,c.509-1G>C,CLN2
,,,UK,cln2.107,p.(Tyr209His),CLN2
,,,UK,cln2.001,p.(Arg208*),CLN2
,,,UK,cln2.003,p.(Cys365Tyr),CLN2
,,,UK,cln2.045,p.(Gln509*),CLN2
,,,UK,cln2.004,c.509-1G>C,CLN2
,,,UK,cln2.001,p.(Arg208*),CLN2
,,,UK,cln2.004,c.509-1G>C,CLN2
,,,UK,cln2.102,p.(Leu13Profs*32),CLN2
,,,UK,cln2.001,p.(Arg208*),CLN2
,,,UK,cln2.119,p.(Asn504Tyr),CLN2
,,,UK,cln2.001,p.(Arg208*),CLN2
,,,UK,cln2.045,p.(Gln509*),CLN2
,,,UK,cln2.004,c.509-1G>C,CLN2
,,,UK,cln2.076,c.89+5G>C,CLN2
,,,UK,cln2.076,c.89+5G>C,CLN2
,,,UK,cln2.045,p.(Gln509*),CLN2
,,,Turkey,cln2.085,p.(Glu402*),CLN2
,,,Turkey,cln2.086,p.(Gly482Arg),CLN2
,,,Turkey,cln2.001,p.(Arg208*),CLN2
,,,Turkey,,not identified,CLN2
,,,Turkey,cln2.103,p.(Ser62Thr),CLN2
,,,Turkey,cln2.052,p.(Arg127Gln),CLN2
,,,Turkey,cln2.052,p.(Arg127Gln),CLN2
,,,Turkey,cln2.052,p.(Arg127Gln),CLN2
,,,Turkey,cln2.001,p.(Arg208*),CLN2
,,,Turkey,cln2.106,p.(His166Glnfs*22),CLN2
,,,Turkey,,not identified,CLN2
,,,Turkey,cln2.001,p.(Arg208*),CLN2
,,,Serbia,cln2.004,c.509-1G>C,CLN2
,,,The Netherlands,cln2.004,c.509-1G>C,CLN2
,,,Sweden,cln2.004,c.509-1G>C,CLN2
,,,South Africa,cln2.004,c.509-1G>C,CLN2
,,,Belgium,cln2.115,c.1425+1G>C,CLN2
,,,Belgium,cln2.004,c.509-1G>C,CLN2
,,,South Africa / The Netherlands,cln2.004,c.509-1G>C,CLN2
,,,South Africa / The Netherlands,cln2.001,p.(Arg208*),CLN2
,,,Sweden,cln2.001,p.(Arg208*),CLN2
,,,Sweden,cln2.024,p.(Ser475Leu),CLN2
,,,The Netherlands,cln2.001,p.(Arg208*),CLN2
,,,The Netherlands,cln2.022,p.(Gln422His,CLN2
,,,Turkey,cln2.001,p.(Arg208*),CLN2
,,,The Netherlands,cln2.112,c.1075+2T>C,CLN2
,,,The Netherlands,cln2.004,c.509-1G>C,CLN2
,,,UK,cln2.076,c.89+5G>C,CLN2
,,,UK,cln2.014,p.(Arg127*),CLN2
,,,UK,cln2.101,c.18-3C>G,CLN2
,,,UK,cln2.110,p.(Leu275*),CLN2
,,,Romania,cln2.011,p.(Gln75=),CLN2
,,,Romania,cln2.027,p.(Leu560Thrfs*47),CLN2
,3,,Turkey,cln2.024,p.(Ser475Leu),CLN2
,,,The Netherlands,cln2.001,p.(Arg208*),CLN2
,,,Hungary,cln2.001,p.(Arg208*),CLN2
,,,Sweden,cln2.004,c.509-1G>C,CLN2
,,,Sweden,,not identified,CLN2
,,,Canada,cln2.105,c.381-1G>C,CLN2
,,,Canada,cln2.001,p.(Arg208*),CLN2
,,,USA,cln2.082,p.(Ser475Trpfs*13),CLN2
,,,Canada,cln2.105,c.381-1G>C,CLN2
,,,Canada,cln2.105,c.381-1G>C,CLN2
,,,Canada,cln2.004,c.509-1G>C,CLN2
,,,Canada,cln2.001,p.(Arg208*),CLN2
,,,Canada,cln2.004,c.509-1G>C,CLN2
,,,Canada,cln2.001,p.(Arg208*),CLN2
,,,Canada,cln2.001,p.(Arg208*),CLN2
,,,Canada,cln2.105,c.381-1G>C,CLN2
,,,Canada,cln2.054,p.(Gly284Val),CLN2
,,,Canada,cln2.037,c.1266+5G>A,CLN2
,,,Canada,cln2.033,p.(Gln100Arg),CLN2
,,,USA,cln2.076,c.89+5G>C,CLN2
,,,USA,,not identified,CLN2
,,,Russia,cln2.076,c.89+5G>C,CLN2
,,,Russia,,not identified,CLN2
,,,Russia,,not identified,CLN2
,,,Russia,cln2.010,p.(Gln66*),CLN2
,,,The Netherlands,,not identified,CLN2
,,,The Netherlands,cln2.011,p.(Gln75=),CLN2
,,,Canada,,not identified,CLN2
,,,Canada,cln2.052,p.(Arg127Gln),CLN2
,,,Ireland,cln2.004,c.509-1G>C,CLN2
,,,Ireland,,not identified,CLN2
,,,Russia,,not identified,CLN2
,,,Russia,cln2.091,p.(Arg206His),CLN2
,,,Russia,,not identified,CLN2
,,,Russia,cln2.001,p.(Arg208*),CLN2
,,,USA,,not identified,CLN2
,,,USA,cln2.075,p.(Val216Met),CLN2
,,,USA,,not identified,CLN2
,,,USA,cln2.062,p.(Ser238*),CLN2
,,,Spain,,not identified,CLN2
,,,Spain,cln2.073,p.(Glu329_Asp330delinsAspSer),CLN2
,,,USA,,not identified,CLN2
,,,USA,cln2.008,p.(His298Leufs*3),CLN2
,,,Russia,,not identified,CLN2
,,,Russia,cln2.093,p.(Asp328del),CLN2
,,,France,,not identified,CLN2
,,,France,cln2.047,p.(Arg339Trp),CLN2
,,,Russia,,not identified,CLN2
,,,Russia,cln2.047,p.(Arg339Trp),CLN2
,,,USA,,not identified,CLN2
,,,USA,cln2.060,p.(Leu355Pro),CLN2
,,,Ireland,,not identified,CLN2
,,,Ireland,cln2.003,p.(Cys365Tyr),CLN2
,,,Russia,,not identified,CLN2
,,,Russia,cln2.024,p.(Ser475Leu),CLN2
,,,Czech Republic,,not identified,CLN2
,,,Czech Republic,cln2.080,p.(Val480Gly),CLN2
,,,Ireland,,not identified,CLN2
,,,Ireland,cln2.045,p.(Gln509*),CLN2
,,,France,,not identified,CLN2
,,,France,cln2.048,p.(Trp548*),CLN2
,,,Russia,,not identified,CLN2
,,,Russia,cln2.027,p.(Leu560Thrfs*47),CLN2
,,,France,,not identified,CLN2
,,,France,cln2.004,c.509-1G>C,CLN2
,,,France,,not identified,CLN2
,,,France,cln2.001,p.(Arg208*),CLN2
,,,France,,not identified,CLN2
,,,France,cln2.045,p.(Gln509*),CLN2
,,,France,,not identified,CLN2
,,,France,cln2.043,p.(Ser153Pro),CLN2
,,,France,cln2.044,c.1076-2A>G,CLN2
,,,France,,not identified,CLN2
,,,France,,not identified,CLN2
,,,France,cln2.046,p.(Cys537Trpfs*67),CLN2
,,,Turkey,,not identified,CLN2
,,,Turkey,cln2.117,p.(Gly501Alafs*18),CLN2
,,,Africa,,not identified,CLN2
,,,Africa,cln2.049,p.(Pro202Leu),CLN2
,,,The Netherlands,cln2.004,c.509-1G>C,CLN2
,,,The Netherlands,cln2.004,c.509-1G>C,CLN2
,,,The Netherlands,cln2.004,c.509-1G>C,CLN2
,,,The Netherlands,cln2.004,c.509-1G>C,CLN2
,,,The Netherlands,,not identified,CLN2
,,,The Netherlands,cln2.004,c.509-1G>C,CLN2
,,,The Netherlands,,not identified,CLN2
,,,The Netherlands,cln2.004,c.509-1G>C,CLN2
late infantile,3,,China,cln2.075,p.(Val216Met),CLN2
late infantile,3.5,,China,cln2.075,p.(Val216Met),CLN2
,,,Argentina,cln2.123,c.89+4A>G ,CLN2
,,,Argentina,cln2.010,p.(Gln66*),CLN2
,,,Russia,,not identified,CLN2
,,,Russia,cln2.092,p.(Met281Ile),CLN2
late infantile,3,CL (lymphocyte),China,cln2.125,p.(Asp517Hisfs*1),CLN2
late infantile,3,CL (lymphocyte),China,cln2.124,p.(Glu139Glyfs*1),CLN2
late infantile,3.5,CL (lymphocyte),China,cln2.127,c.381-17_381-4del,CLN2
late infantile,3.5,CL (lymphocyte),China,cln2.126,p.(Gly77*),CLN2
late infantile,2.5,,China,cln2.001,p.(Arg208*),CLN2
late infantile,2.5,,China,cln2.108,p.(Gln214*),CLN2
late infantile,3,none,China,cln2.108,p.(Gln214*),CLN2
late infantile,3,none,China,cln2.128,p.(Gly217Asp),CLN2
late infantile,2,CL (lymphocyte),China,,not identified,CLN2
late infantile,2,CL (lymphocyte),China,cln2.129,p.(Glu59Aspfs*20),CLN2
late infantile,,CL (skin),"Ireland, Germany",cln2.004,c.509-1G>C,CLN2
late infantile,,CL (skin),"Ireland, Germany",cln2.001,p.(Arg208*),CLN2
autosomal recessive spinocerebellar ataxia 7,,none,The Netherlands,cln2.004,c.509-1G>C,CLN2
autosomal recessive spinocerebellar ataxia 7,,none,The Netherlands,cln2.130,p.(Val466Gly),CLN2
autosomal recessive spinocerebellar ataxia 7,,,The Netherlands,cln2.004,c.509-1G>C,CLN2
autosomal recessive spinocerebellar ataxia 7,,,The Netherlands,cln2.130,p.(Val466Gly),CLN2
autosomal recessive spinocerebellar ataxia 7,,,The Netherlands,cln2.004,c.509-1G>C,CLN2
autosomal recessive spinocerebellar ataxia 7,,,The Netherlands,cln2.130,p.(Val466Gly),CLN2
autosomal recessive spinocerebellar ataxia 7,,,The Netherlands,cln2.004,c.509-1G>C,CLN2
autosomal recessive spinocerebellar ataxia 7,,,The Netherlands,cln2.130,p.(Val466Gly),CLN2
autosomal recessive spinocerebellar ataxia 7,,,The Netherlands,cln2.004,c.509-1G>C,CLN2
autosomal recessive spinocerebellar ataxia 7,,,The Netherlands,cln2.130,p.(Val466Gly),CLN2
autosomal recessive spinocerebellar ataxia 7,18,none,The Netherlands,cln2.004,c.509-1G>C,CLN2
autosomal recessive spinocerebellar ataxia 7,18,none,The Netherlands,cln2.130,p.(Val466Gly),CLN2
late infantile,3,,The Netherlands,cln2.004,c.509-1G>C,CLN2
late infantile,4.5,,The Netherlands,,not identified,CLN2
late infantile,3.5,,The Netherlands,cln2.004,c.509-1G>C,CLN2
late infantile,3,,The Netherlands,cln2.004,c.509-1G>C,CLN2
late infantile,4,,The Netherlands,,not identified,CLN2
infantile,1.5,,The Netherlands,cln2.004,c.509-1G>C,CLN2
infantile,1.5,,The Netherlands,cln2.001,p.(Arg208*),CLN2
late infantile,4,,The Netherlands,,not identified,CLN2
late infantile,4,,The Netherlands,cln2.001,p.(Arg208*),CLN2
late infantile,4,,The Netherlands,cln2.022,p.(Gln422His,CLN2
late infantile,4,,The Netherlands,,not identified,CLN2
late infantile,3,CL,The Netherlands,cln2.004,c.509-1G>C,CLN2
late infantile,3,CL,The Netherlands,cln2.001,p.(Arg208*),CLN2
infantile,1.5,,The Netherlands,cln2.004,c.509-1G>C,CLN2
infantile,1.5,,The Netherlands,cln2.001,p.(Arg208*),CLN2
late infantile,3,CL,The Netherlands,cln2.011,p.(Gln75=),CLN2
late infantile,3,CL,The Netherlands,cln2.001,p.(Arg208*),CLN2
late infantile,3,CL,The Netherlands,cln2.011,p.(Gln75=),CLN2
late infantile,3,CL,The Netherlands,cln2.001,p.(Arg208*),CLN2
late infantile,3,CL,Argentina,cln2.001,p.(Arg208*),CLN2
late infantile,3,CL,Argentina,cln2.089,p.(Asp276Val),CLN2
late infantile,3,CL,Argentina,cln2.089,p.(Asp276Val),CLN2
late infantile,3,CL,Argentina,cln2.089,p.(Asp276Val),CLN2
late infantile,4,CL,Argentina,cln2.090,p.(Ala453Val),CLN2
late infantile,4,CL,Argentina,cln2.083,p.(Leu104*),CLN2
late infantile,4.5,,Argentina,cln2.090,p.(Ala453Val),CLN2
late infantile,4.5,,Argentina,cln2.089,p.(Asp276Val),CLN2
late infantile,3,CL,Argentina,cln2.083,p.(Leu104*),CLN2
late infantile,4,CL,Chile,cln2.089,p.(Asp276Val),CLN2
late infantile,3.5,CL,Argentina,cln2.001,p.(Arg208*),CLN2
late infantile,3.5,CL,Argentina,cln2.089,p.(Asp276Val),CLN2
late infantile,4,CL,Argentina,cln2.089,p.(Asp276Val),CLN2
,,CL,Argentina,cln2.001,p.(Arg208*),CLN2
late infantile,3.5,CL,Argentina,cln2.004,c.509-1G>C,CLN2
late infantile,3.5,CL,Argentina,cln2.089,p.(Asp276Val),CLN2
late infantile,4,CL,Argentina,cln2.077,p.(Arg339Gln),CLN2
juvenile,9,,Argentina,cln2.079,c.887-10A>G,CLN2
juvenile,9,,Argentina,cln2.010,p.(Gln66*),CLN2
juvenile,9,,Argentina,cln2.079,c.887-10A>G,CLN2
juvenile,9,,Argentina,cln2.010,p.(Gln66*),CLN2
juvenile,9,CL+FP,Argentina,cln2.079,c.887-10A>G,CLN2
juvenile,9,CL+FP,Argentina,cln2.010,p.(Gln66*),CLN2
late infantile,2,CL,Chile,cln2.028,c.1107_1108del,CLN2
late infantile,2,CL,Chile,cln2.089,p.(Asp276Val),CLN2
late infantile,3,CL,Chile,cln2.079,c.887-10A>G,CLN2
late infantile,3,CL,Chile,cln2.024,p.(Ser475Leu),CLN2
juvenile,10,CL,Chile,cln2.079,c.887-10A>G,CLN2
juvenile,10,CL,Chile,cln2.089,p.(Asp276Val),CLN2
juvenile,5,FP,Argentina,cln2.139,p.(Arg350Trp),CLN2
juvenile,5,FP,Argentina,cln2.132,p.(Gly535Arg),CLN2
juvenile,5,,Argentina,cln2.139,p.(Arg350Trp),CLN2
juvenile,5,,Argentina,cln2.132,p.(Gly535Arg),CLN2
late infantile,3,,Argentina,cln2.076,c.89+5G>C,CLN2
late infantile,3,,Argentina,cln2.133,p.(Ala453Asp),CLN2
late infantile,2.5,,Argentina,cln2.076,c.89+5G>C,CLN2
late infantile,2.5,,Argentina,cln2.133,p.(Ala453Asp),CLN2
juvenile,9,CL+FP+GROD,Argentina,cln2.079,c.887-10A>G,CLN2
juvenile,9,CL+FP+GROD,Argentina,cln2.001,p.(Arg208*),CLN2
juvenile,5,,Argentina,cln2.079,c.887-10A>G,CLN2
juvenile,5,,Argentina,cln2.001,p.(Arg208*),CLN2
juvenile,5,CL,Argentina,cln2.006,p.(Arg447His),CLN2
juvenile,5,CL,Argentina,cln2.024,p.(Ser475Leu),CLN2
,,,Italy,cln2.131,c.1076-2A>T,CLN2
late infantile,3,,China,,not identified,CLN2
late infantile,3,,China,cln2.134,p.(Leu275Pro),CLN2
late infantile,,,,cln2.135,c.337dup,CLN2
late infantile,,,,cln2.001,p.(Arg208*),CLN2
late infantile,,,,cln2.136,c.1239_1240ins6,CLN2
late infantile,,,,cln2.004,c.509-1G>C,CLN2
late infantile,,,,cln2.137,c.229+3G>C,CLN2
late infantile,,,,cln2.138,c.1467del,CLN2
late infantile,,,,cln2.004,c.509-1G>C,CLN2
late infantile,,,,cln2.139,p.(Arg350Trp),CLN2
late infantile,,,,cln2.004,c.509-1G>C,CLN2
late infantile,6,,,cln2.006,p.(Arg447His),CLN2
late infantile,6,,,cln2.109,p.(Gln264*),CLN2
late infantile,7,,,cln2.006,p.(Arg447His),CLN2
late infantile,7,,,cln2.109,p.(Gln264*),CLN2
late infantile,9,,,cln2.006,p.(Arg447His),CLN2
late infantile,9,,,cln2.109,p.(Gln264*),CLN2
late infantile,4,,,cln2.140,c.89+1G>A,CLN2
late infantile,3,,,cln2.141,c.1551+1G>T,CLN2
late infantile,3,,,cln2.142,p.(Ser538Tyr),CLN2
not yet symptomatic,,,Mexico,cln2.144,p.(Gly409Val),CLN2
not yet symptomatic,,,Mexico,cln2.143,p.(Trp542*),CLN2
early onset cerebellar ataxia,4,,,cln2.004,c.509-1G>C,CLN2
early onset cerebellar ataxia,4,,,cln2.029,p.(Glu343Asp) ,CLN2
Complex hereditary spastic paraplegia,4,,Wales,cln2.006,p.(Arg447His) ,CLN2
Complex hereditary spastic paraplegia,4,,Wales,cln2.045,p.(Gln509*),CLN2
,,,,cln2.030,p.(Gly296Asp),CLN2
late infantile,,,,cln2.031,p.(Gly351Val),CLN2
,,,Turkey,cln2.004,c.509-1G>C,CLN2
,,,Turkey,cln2.053,p.(Phe516*),CLN2
late infantile,,,,cln2.041,p.(Arg206Cys),CLN2
late infantile,,,,cln2.041,p.(Arg206Cys),CLN2
late infantile,,,,cln2.042,p.(Tyr459Ser),CLN2
late infantile,,,,cln2.042,p.(Tyr459Ser),CLN2
late infantile,,,,cln2.053,p.(Phe516*),CLN2
late infantile,,,,cln2.041,p.(Arg206Cys),CLN2
juvenile,5,,Germany,cln2.001, p.(Arg208*),CLN2
juvenile,5,,Germany,,,CLN2
late infantile,4,,Poland,cln2.001, p.(Arg208*),CLN2
late infantile,4,,Poland,cln2.034, p.(Leu13Pro),CLN2
juvenile,9,,Spain,cln2.001, p.(Arg208*),CLN2
juvenile,9,,Spain,cln2.079,c.887-10A>G  ,CLN2
congenital,0,,"Greece, Macedonia",cln2.035, p.(Arg350Gln),CLN2
congenital,0,,"Greece, Macedonia",cln2.004,c.509-1G>C,CLN2
late infantile,3,,Germany,cln2.052, p.(Arg127Gln),CLN2
late infantile,3,,Germany,cln2.004,c.509-1G>C ,CLN2
late infantile,3.8,,Japan,cln2.047, p.(Arg339Trp),CLN2
late infantile,3.8,,Japan,cln2.036, p.(Met244Thr) ,CLN2
juvenile,5.8,,"Greece, Macedonia",cln2.001, p.(Arg208*),CLN2
juvenile,5.8,,"Greece, Macedonia",cln2.038,p.(Tyr421Asn),CLN2
late infantile,4,,Colombia,cln2.131,c.1076-2A>T ,CLN2
late infantile,4,,Colombia,cln2.079,c.887-10A>G  ,CLN2
juvenile,5,,Guatemala,cln2.047,p.(Arg339Trp),CLN2
juvenile,5,,Guatemala,cln2.039,p.(Val320Gly),CLN2
late infantile,2.3,,,,not identified,CLN2
late infantile,2.3,,,cln2.061,p.(Gln161*),CLN2
Juvenile,5.5,,,cln2.076,c.89+5G>C ,CLN2
Juvenile,5.5,,,cln2.006,p.(Arg447His),CLN2
infantile,1,,Colombia,cln2.139,p.(Arg350Trp),CLN2
infantile,1,,Colombia,wild type,wild type,CLN2
late infantile,3,CB,Brazil,cln2.001,p.(Arg208*),CLN2
late infantile,3,CB,Brazil,cln2.001,p.(Arg208*),CLN2
late infantile,3,,Brazil,,,CLN2
late infantile,3,,Brazil,in analysis,,CLN2
late infantile,3,,Colombia,cln2.131,c.1076-2A>T,CLN2
late infantile,3,,Colombia,cln2.097,p.(Val480Met),CLN2
late infantile,3.5,,Argentina,cln2.072,p.(Gly409Asp),CLN2
late infantile,3.5,,Argentina,cln2.079,c.887-10A>G,CLN2
late infantile,4,,Brazil,cln2.001,p.(Arg208*),CLN2
late infantile,4,,Brazil,cln2.022,p.(Gln422His),CLN2
late infantile,4,CB,Chile,cln2.089,p.(Asp276Val),CLN2
late infantile,4,CB,Chile,cln2.089,p.(Asp276Val),CLN2
late infantile,4,,Colombia,cln2.079,c.887-10A>G,CLN2
late infantile,4,,Colombia,cln2.131,c.1076-2A>T,CLN2
juvenile,5,,Chile,cln2.006,p.(Arg447His),CLN2
juvenile,5,,Chile,cln2.094,p.(Ala448Asp),CLN2
juvenile,5,CB; FP,Argentina,cln2.001,p.(Arg208*),CLN2
juvenile,5,CB; FP,Argentina,cln2.079,c.887-10A>G,CLN2
juvenile,5,CB; FP,Argentina,cln2.132,p.(Gly535Arg),CLN2
juvenile,5,CB; FP,Argentina,cln2.139,p.(Arg350Trp),CLN2
juvenile,5,,Argentina,cln2.132,p.(Gly535Arg),CLN2
juvenile,5,,Argentina,cln2.139,p.(Arg350Trp),CLN2
juvenile,6,,Chile,cln2.079,c.887-10A>G,CLN2
juvenile,6,,Chile,cln2.089,p.(Asp276Val),CLN2
juvenile,6,,Chile,cln2.024,p.(Ser475Leu),CLN2
juvenile,6,,Chile,cln2.139,p.(Arg350Trp),CLN2
juvenile,6,CB,Chile,cln2.024,p.(Ser475Leu),CLN2
juvenile,6,CB,Chile,cln2.079,c.887-10A>G,CLN2
juvenile,7,,Argentina,cln2.006,p.(Arg447His),CLN2
juvenile,7,,Argentina,cln2.089,p.(Asp276Val),CLN2
juvenile,7,,Argentina,cln2.079,c.887-10A>G,CLN2
juvenile,7,,Argentina,cln2.072,p.(Gly409Asp),CLN2
juvenile,7,CB; FP,Argentina,cln2.010,p.(Gln66*),CLN2
juvenile,7,CB; FP,Argentina,cln2.079,c.887-10A>G,CLN2
juvenile,7,CB; FP,Argentina,cln2.010,p.(Gln66*),CLN2
juvenile,7,CB; FP,Argentina,cln2.079,c.887-10A>G,CLN2
juvenile,8,,Brazil,cln2.079,c.887-10A>G,CLN2
juvenile,8,,Brazil,in analysis,,CLN2
juvenile,8,,Argentina,cln2.001,p.(Arg208*),CLN2
juvenile,8,,Argentina,cln2.079,c.887-10A>G,CLN2
juvenile,9,,Colombia,cln2.139 ; cln2.097,p.(Arg350Trp) ; p.(Val480Met),CLN2
juvenile,9,,Colombia,cln2.097,p.(Val480Met),CLN2
juvenile,9,CB,Chile,cln2.024,p.(Ser475Leu),CLN2
juvenile,9,CB,Chile,cln2.139,p.(Arg350Trp),CLN2
juvenile,9,CB,Chile,cln2.079,c.887-10A>G,CLN2
juvenile,9,CB,Chile,cln2.089,p.(Asp276Val),CLN2
juvenile,9,,Chile,,,CLN2
juvenile,9,,Chile,,,CLN2
juvenile,10,,Colombia,cln2.097,p.(Val480Met),CLN2
juvenile,10,,Colombia,cln2.131,c.1076-2A>T,CLN2
late juvenile,11,,Colombia,cln2.097,p.(Val480Met),CLN2
late juvenile,11,,Colombia,cln2.131,c.1076-2A>T,CLN2
adult,41,,Brazil,cln2.079,c.887-10A>G,CLN2
adult,41,,Brazil,cln2.079,c.887-10A>G,CLN2
juvenile,5.5,CB; GROD,Brazil,cln2.006,p.(Arg447His),CLN2
juvenile,5.5,CB; GROD,Brazil,cln2.080,p.(Val480Gly),CLN2
Adult,19,,,cln2.004,c.509-1G>C,CLN2
Adult,19,,,cln2.099,p.(Tyr336Cys),CLN2
congenital,0.08,,,cln2.100,p.(Ser382Asn),CLN2
,-,,Egypt,cln2.116,c.1145+2T>G,CLN2
late infantile,4.1,,Egypt,cln2.120,c.1266+1G>C,CLN2
congenital,0,,Egypt,cln2.121,p.(Gly482Arg),CLN2
late infantile,2.5,,India,cln2.070,p.(Gln55*),CLN2
late infantile,3,,Tunisia,cln2.145,p.(Ala555Leufs*3),CLN2
,-,,Lebanon,cln2.146,p.(Pro178Glnfs*5),CLN2
infantile,1.9,,Egypt,cln2.147,p.(Arg206Pro),CLN2
late infantile,3,,Lebanon,cln2.148,p.(Phe243Leu),CLN2
late infantile,3,,Egypt,cln2.149,p.(Arg268Glyfs*8),CLN2
,-,,Oman,cln2.150,c.89+2_887del,CLN2
late infantile,3.25,,Australia,cln2.004, c.509-1G>C ,CLN2
late infantile,3.25,,Australia,cln2.004,c.509-1G>C ,CLN2
late infantile,2.5,,Australia,cln2.002,p.(Cys365Arg),CLN2
late infantile,2.5,,Australia,cln2.057,p.(Gly473Arg),CLN2
late infantile,3.1,,Australia,cln2.004, c.509-1G>C ,CLN2
late infantile,3.1,,Australia,cln2.004,c.509-1G>C ,CLN2
late infantile,3,,Australia,cln2.004, c.509-1G>C ,CLN2
late infantile,3,,Australia,cln2.004,c.509-1G>C ,CLN2
late infantile,3.5,,Australia,cln2.011,p.(Gln75=),CLN2
late infantile,2.7,,Australia,cln2.004,c.509-1G>C ,CLN2
late infantile,3.2,,Australia,cln2.004,c.509-1G>C ,CLN2
late infantile,3.2,,Australia,cln2.004,c.509-1G>C ,CLN2
late infantile,3,,Australia,cln2.001,p.(Arg208*),CLN2
late infantile,3,,Australia,cln2.151,p.(Tyr76*),CLN2
late infantile,3.5,,Australia,cln2.004,c.509-1G>C ,CLN2
infantile,1.5,,Australia,cln2.004,c.509-1G>C ,CLN2
late infantile,3,,Australia,cln2.001,p.(Arg208*),CLN2
late infantile,3,,Australia,cln2.051,p.(Leu120Serfs*18),CLN2
late infantile,2.9,,Australia,cln2.004,c.509-1G>C,CLN2
late infantile,2.9,,Australia,cln2.001,p.(Arg208*),CLN2
late infantile,3,,,cln2.024,p.(Ser475Leu),CLN2
late infantile,3,,,cln2.152,p.(Gly77Arg),CLN2
late infantile,3,,,cln2.001,p.(Arg208*),CLN2
late infantile,2.5,,,cln2.010,p.(Gln66*),CLN2
late infantile,2.5,,,cln2.001,p.(Arg208*),CLN2
late infantile,3,,,cln2.004,c.509-1G>C,CLN2
late infantile,3,,,cln2.004,c.509-1G>A,CLN2
,,,,cln2.153,p.(His491Thrfs*28),CLN2
,,,,cln2.154,p.(Glu532Argfs*76),CLN2
late infantile,2.7,,,cln2.047,p.(Arg339Trp),CLN2
late infantile,4,,,cln2.011,p.(Gln75=),CLN2
late infantile,3.7,,,cln2.011,p.(Gln75=),CLN2
late infantile,3.5,,,cln2.011,p.(Gln75=),CLN2
late infantile,4,,,cln2.155,p.(Gln278*),CLN2
adult,36,,,cln2.034,p.(Leu13Pro) ,CLN2
adult,36,,,cln2.156,p.(Tyr508Cys),CLN2
juvenile,5,curvilinear bodies,,cln2.011,p.(Gln75=),CLN2
juvenile,5,curvilinear bodies,,cln2.157,p.(Gln338Glu),CLN2
late infantile,3,,UK,cln2.001,p.(Arg208*),CLN2
late infantile,3,,UK,cln2.158,p.(Gly171Arg),CLN2
late infantile,3,,Gambia,cln2.159,p.(Pro178Glnfs*),CLN2
late infantile,3,,Gambia,cln2.159,p.(Pro178Glnfs*),CLN2
,,,Turkey,cln2.114,p.(Ala448Val),CLN2
,,,Turkey,cln2.001,p.(Arg208*),CLN2
,,,Turkey,cln2.050,c.380+55G>A,CLN2
,,,Turkey,,not identified,CLN2
,,,India,cln2.160,p.(Met345Leu),CLN2
,,,India,,,CLN2
,,,India,cln2.047,p.(Arg339Trp),CLN2
,,,India,cln2.047,p.(Arg339Trp),CLN2
,,,India,cln2.077,p.(Arg339Gln),CLN2
,,,India,cln2.077,p.(Arg339Gln),CLN2
,,,India,cln2.053,p.(Phe516*),CLN2
,,,India,cln2.053,p.(Phe516*),CLN2
,,,India,cln2.041,p.(Arg206Cys),CLN2
,,,India,cln2.041,p.(Arg206Cys),CLN2
,,,India,cln2.063,p.(Asn286Ser),CLN2
,,,India,cln2.161,p.(Ser62Argfs*19),CLN2
,,,India,cln2.162,p.(Arg152Ser),CLN2
,,,India,cln2.162,p.(Arg152Ser),CLN2
,,,India,cln2.042,p.(Tyr459Ser),CLN2
,,,India,cln2.042,p.(Tyr459Ser),CLN2
,,,India,cln2.163,p.(Ser153Profs*19),CLN2
,,,India,cln2.163,p.(Ser153Profs*19),CLN2
,,,India,cln2.164,p.(Tyr157*),CLN2
,,,India,cln2.164,p.(Tyr157*),CLN2
,,,India,cln2.165,p.(Phe230Serfs*28),CLN2
,,,India,cln2.166,p.(Ile484Aspfs*7),CLN2
late infantile,3.5,,,cln2.004,c.509‐1G>C,CLN2
late infantile,3.5,,,cln2.001,p.(Arg208*),CLN2
late infantile,<3,Normal (conjunctiva biopsy),,cln2.004,c.509‐1G>C,CLN2
late infantile,<3,Normal (conjunctiva biopsy),,cln2.060,p.(Leu355Pro),CLN2
late infantile,3,curvilinear bodies; fingerprint profile,,cln2.004,c.509‐1G>C,CLN2
late infantile,3,curvilinear bodies; fingerprint profile,,cln2.001,p.(Arg208*),CLN2
late infantile,3.5,curvilinear bodies,,cln2.004,c.509‐1G>C,CLN2
late infantile,3.5,curvilinear bodies,,cln2.152,p.(Gly77Arg),CLN2
infantile,1.3,,,cln2.004,c.509‐1G>C,CLN2
infantile,1.3,,,cln2.152,p.(Gly77Arg),CLN2
late infantile,3.6,,,cln2.159,p.(Pro178Glnfs*),CLN2
late infantile,3.6,,,cln2.159,p.(Pro178Glnfs*),CLN2
Late infantile,2.5,,Iran,cln2.168,p.(Glu402Gly),CLN2
Late infantile,3,,Iran,cln2.168,p.(Glu402Gly),CLN2
Late infantile,3.5,,Iran,cln2.168,p.(Glu402Gly),CLN2
Late infantile,3,,Iran,cln2.168,p.(Glu402Gly),CLN2
Late infantile,2,,Iran,cln2.001,p.(Arg208*),CLN2
Late infantile,3.9,,Iran,cln2.169,p.(His523Arg),CLN2
Late infantile,3,,Iran,cln2.141,c.1551+1G>T,CLN2
infantile,1,,Iran,cln2.167,p.(Pro178Glnfs*),CLN2
infantile,1,,Iran,cln2.167,p.(Pro178Glnfs*),CLN2
,,,India,cln2.170,c.2T>C,CLN2
,,,India,cln2.047,p.(Arg339Trp),CLN2
,,,India,cln2.171,p.(Asp360Glu),CLN2
,,,India,cln2.172,p.(Leu515Arg),CLN2
late infantile,2,,Russia,cln2.001,p.(Arg208*),CLN2
atypical - protracted,,,USA,cln2.004,c.509-1G>C,CLN2
atypical - protracted,,,USA,cln2.029,p.(Glu343Asp) ,CLN2
atypical - protracted,,,USA,cln2.004,c.509-1G>C,CLN2
atypical - protracted,,,USA,cln2.029,p.(Glu343Asp) ,CLN2
atypical - protracted,,,USA,cln2.173,p.(Tyr279*),CLN2
atypical - protracted,,,USA,cln2.175,c.508+4A>G,CLN2
atypical - protracted,,,USA,cln2.173,p.(Tyr279*),CLN2
atypical - protracted,,,USA,cln2.175,c.508+4A>G,CLN2
late infantile,2.75,,Ecuador,cln2.152,p.(Gly77Arg),CLN2
autosomal recessive spinocerebellar ataxia 7,12,,China,cln2.174,p.(Glu490Lys),CLN2
autosomal recessive spinocerebellar ataxia 7,12,,China,cln2.057,p.(Gly473Arg),CLN2
infantile,1.5,,Saudi Arabia,cln2.005,p.(Gln161*),CLN2
late infantile,3,,Saudi Arabia,cln2.047,p.(Arg339Trp),CLN2
juvenile,10,,Spain,cln2.006,p.(Arg447His),CLN2
juvenile,10,,Spain,cln2.176,p.(Ser538Phe),CLN2
late infantile,3,,Iran,cln2.177,c.1425_1425+1delinsAT,CLN2
late infantile,2.4,,India,cln2.077,p.(Arg339Gln),CLN2
,,,Malaysia,cln2.178,p.(Ser408del),CLN2
,,,Malaysia,cln2.179,p.(Cys227Arg),CLN2
late infantile,4,,India,cln2.179,p.(Cys227Arg),CLN2
late infantile,4,,India,cln2.041,p.(Arg206Cys),CLN2
late infantile,2.2,,India,cln2.180,p.(Glu44*) ,CLN2
late infantile,2.2,,India,cln2.180,p.(Glu44*) ,CLN2
juvenile,6,,India,cln2.077,p.(Arg339Gln),CLN2
juvenile,6,,India,cln2.181, p.(Thr342Pro) ,CLN2
juvenile,5.7,,India,cln2.091,p.(Arg206His),CLN2
late infantile,2.4,,Ukraine,cln2.001,p.(Arg208*),CLN2
late infantile,2.4,,Ukraine,novel,p.(Tyr406*),CLN2
late infantile,3,,Ukraine,cln2.001,p.(Arg208*),CLN2
late infantile,3,,Ukraine,cln2.027,p.(Leu560Thrfs*47),CLN2
late infantile,3,,Ukraine,cln2.001,p.(Arg208*),CLN2
late infantile,3,,Ukraine,cln2.027,p.(Leu560Thrfs*47),CLN2
late infantile,3,,Ukraine,cln2.024,p.(Ser475Leu),CLN2
late infantile,3.4,,Ukraine,cln2.011,p.(Gln75=),CLN2
late infantile,4,,Ukraine,cln2.001,p.(Arg208*),CLN2
late infantile,4,,Ukraine,cln2.004,c.509-1G>C,CLN2
late infantile,2,,Ukraine,cln2.001,p.(Arg208*),CLN2
late infantile,2,,Ukraine,cln2.004,c.509-1G>C,CLN2
infantile,1,,Ukraine,cln2.001,p.(Arg208*),CLN2
late infantile,3.4,,Ukraine,cln2.001,p.(Arg208*),CLN2
juvenile,7,,Ukraine,cln2.001,p.(Arg208*),CLN2
juvenile,7,,Ukraine,cln2.011,p.(Gln75=),CLN2
late infantile,3,,Ukraine,cln2.001,p.(Arg208*),CLN2
late infantile,3,,Ukraine,cln2.184,c.1436_1437del,CLN2
late infantile,4,,Ukraine,cln2.001,p.(Arg208*),CLN2
late infantile,4,,Ukraine,cln2.014,p.(Arg127*),CLN2
juvenile,6,,Ukraine,cln2.001,p.(Arg208*),CLN2
juvenile,6,,Ukraine,cln2.092,p.(Met281Ile),CLN2
juvenile,7,,Ukraine,cln2.001,p.(Arg208*),CLN2
juvenile,7,,Ukraine,cln2.027,p.(Leu560Thrfs*47),CLN2
late infantile,2.4,,Ukraine,cln2.001,p.(Arg208*),CLN2
late infantile,3,,Ukraine,cln2.001,p.(Arg208*),CLN2
late infantile,2,,Ukraine,cln2.001,p.(Arg208*),CLN2
late infantile,2,,Ukraine,cln2.011,p.(Gln75=),CLN2
late infantile,3.4,,Ukraine,cln2.001,p.(Arg208*),CLN2
juvenile,8,,Ukraine,cln2.001,p.(Arg208*),CLN2
juvenile,8,,Ukraine,cln2.001,p.(Arg208*),CLN2
juvenile,7,,Ukraine,cln2.001,p.(Arg208*),CLN2
late infantile,3.4,,Ukraine,cln2.027,p.(Leu560Thrfs*47),CLN2
late infantile,3.4,,Ukraine,cln2.004,c.509-1G>C,CLN2
late infantile,4,,Ukraine,cln2.001,p.(Arg208*),CLN2
late infantile,4,,Ukraine,cln2.011,p.(Gln75=),CLN2
late infantile,3,,Ukraine,cln2.001,p.(Arg208*),CLN2
late infantile,3,,Ukraine,cln2.001,p.(Arg208*),CLN2
late infantile,3.4,,Ukraine,cln2.001,p.(Arg208*),CLN2
late infantile,3.4,,Ukraine,cln2.027,p.(Leu560Thrfs*47),CLN2
late infantile,4,,Ukraine,cln2.001,p.(Arg208*),CLN2
late infantile,4,,Ukraine,cln2.004,c.509-1G>C,CLN2
late infantile,3.4,,Ukraine,cln2.001,p.(Arg208*),CLN2
late infantile,3.4,,Ukraine,cln2.068,p.(Gln278Pro),CLN2
late infantile,4,,Ukraine,cln2.001,p.(Arg208*),CLN2
late infantile,4,,Ukraine,cln2.004,c.509-1G>C,CLN2
late infantile,3,,Ukraine,cln2.001,p.(Arg208*),CLN2
late infantile,2,,Ukraine,cln2.001,p.(Arg208*),CLN2
late infantile,4,,Ukraine,cln2.001,p.(Arg208*),CLN2
late infantile,3,,Ukraine,cln2.001,p.(Arg208*),CLN2
late infantile,2,,Ukraine,cln2.024,p.(Ser475Leu),CLN2
late infantile,3.4,,Ukraine,cln2.001,p.(Arg208*),CLN2
late infantile,3,,Ukraine,cln2.001,p.(Arg208*),CLN2
late infantile,3.75,,Ukraine,cln2.001,p.(Arg208*),CLN2
late infantile,2.4,,Ukraine,cln2.001,p.(Arg208*),CLN2
late infantile,2.4,,Ukraine,cln2.027,p.(Leu560Thrfs*47),CLN2
late infantile,3.9,,Ukraine,cln2.001,p.(Arg208*),CLN2
late infantile,2.4,,Ukraine,cln2.001,p.(Arg208*),CLN2
late infantile,2.4,,Ukraine,novel,p.(Tyr406*),CLN2
late infantile,2.7,,Ukraine,cln2.001,p.(Arg208*),CLN2
juvenile,6,,Ukraine,cln2.001,p.(Arg208*),CLN2
juvenile,6,,Ukraine,novel,p.(Tyr449Asn),CLN2
late infantile,3,,Ukraine,cln2.001,p.(Arg208*),CLN2
late infantile,2.4,,Ukraine,cln2.001,p.(Arg208*),CLN2
late infantile,3,,Ukraine,cln2.001,p.(Arg208*),CLN2
late infantile,2,,Ukraine,cln2.001,p.(Arg208*),CLN2
late infantile,3,,Ukraine,cln2.001,p.(Arg208*),CLN2
late infantile,3,,Ukraine,cln2.027,p.(Leu560Thrfs*47),CLN2
juvenile,7,,Ukraine,cln2.001,p.(Arg208*),CLN2
juvenile,7,,Ukraine,novel,p.(Tyr449Asn),CLN2
juvenile,7,,Brazil,cln2.001,p.(Arg208*),CLN2
juvenile,7,,Brazil,cln2.079,c.887–10A>G,CLN2
late infantile,4,,Brazil,cln2.182,(p.Leu354Pro),CLN2
late infantile,4,,Brazil,cln2.183,(p.Glu302Lys),CLN2
late infantile,2.75,CL; autofluroescent fine granular deposits and coarse round bodies,Mexico,cln2.144,p.(Gly409Val),CLN2
juvenile,5,,India,cln2.001,p.(Arg208Ter),CLN2
late infantile,1.5,Curvilinear profiles,India,cln2.185,c.1266_1266+1delinsTACAAACAAACA,CLN2
late infantile,3,,India,cln2.165,p.(Phe230Serfs*),CLN2
late infantile,3,,India,cln2.166,p.(Ile484Aspfs*),CLN2
late infantile,3,Curvilinear profiles,India,cln2.057,p.(Gly473Arg),CLN2
late infantile,3,,India,cln2.077,p.(Arg339Gln),CLN2
late infantile,2.5,,India,cln2.186,p.(Val167Gly),CLN2
late infantile,3,Curvilinear profiles,India,cln2.187,p.(Ile484Asnfs*),CLN2
juvenile,8,,India,cln2.188,p.(Ala349Pro),CLN2
late infantile,3,,India,cln2.177,p.(Leu61Profs*),CLN2
late infantile,2.5,,India,cln2.077,p.(Arg339Gln),CLN2
late infantile,2.5,,India,cln2.014,p.(Arg127*),CLN2
late infantile,4,,India,cln2.189,p.(Trp542Cys),CLN2
late infantile,2.66,,Croatia / Bosnia Herzegovina,cln2.190,p.(Ile205Asn),CLN2
,,,,,,CLN2
,,,,,,CLN2
,,,,,,CLN2
,,,,,,CLN2
,,,,,,CLN2
,,,,,,CLN2
Protracted juvenile,5.5,FP / CL,Finland,cln3.001,c.461-280_677+382del,CLN3
Protracted juvenile,5.5,FP / CL,Finland,cln3.002,c.(790+1_791-1)_(1056+1_1057-1)del,CLN3
Protracted juvenile,7,FP / CL,Finland,cln3.001,c.461-280_677+382del,CLN3
Protracted juvenile,7,FP / CL,Finland,cln3.004,c.533+1G>C,CLN3
juvenile,,,Morocco,cln3.001,c.461-280_677+382del,CLN3
juvenile,,,Morocco,cln3.003,c.432+?_1350-?del,CLN3
juvenile,,,The Netherlands,cln3.001,c.461-280_677+382del,CLN3
juvenile,,,The Netherlands,cln3.005,p.(Leu101Pro),CLN3
juvenile,,,UK,cln3.001,c.461-280_677+382del,CLN3
juvenile,,,UK,cln3.006,p.(Arg127fs),CLN3
juvenile,,,USA,cln3.001,c.461-280_677+382del,CLN3
juvenile,,,USA,cln3.008,c.461-13G>C,CLN3
juvenile,,,Sweden,cln3.001,c.461-280_677+382del,CLN3
juvenile,,,Sweden,cln3.009,p.(Ser161*),CLN3
juvenile,,,Denmark,cln3.001,c.461-280_677+382del,CLN3
juvenile,,,Denmark,cln3.010,p.(Ser162*),CLN3
juvenile,,,UK,cln3.001,c.461-280_677+382del,CLN3
juvenile,,,UK,cln3.011,p.(Leu170Pro),CLN3
juvenile,,,UK,cln3.001,c.461-280_677+382del,CLN3
juvenile,,,UK,cln3.011,p.(Leu170Pro),CLN3
juvenile,,,Italy,cln3.014,p.(Gln211*),CLN3
juvenile,,,Italy,,,CLN3
Protracted juvenile,6,FP / CL,Finland,cln3.001,c.461-280_677+382del,CLN3
Protracted juvenile,6,FP / CL,Finland,cln3.015,p.(Glu295Lys),CLN3
juvenile,,,Denmark,cln3.001,c.461-280_677+382del,CLN3
juvenile,,,Denmark,cln3.017,p.(Gln327*),CLN3
juvenile,,,Norway,cln3.001,c.461-280_677+382del,CLN3
juvenile,,,Norway,cln3.018,p.(Val330Phe),CLN3
juvenile,,,The Netherlands,cln3.001,c.461-280_677+382del,CLN3
juvenile,,,The Netherlands,cln3.019,p.(Arg334Cys),CLN3
juvenile,,,The Netherlands,cln3.001,c.461-280_677+382del,CLN3
juvenile,,,The Netherlands,cln3.019,p.(Arg334Cys),CLN3
juvenile,,,The Netherlands,cln3.001,c.461-280_677+382del,CLN3
juvenile,,,The Netherlands,cln3.019,p.(Arg334Cys),CLN3
Protracted juvenile,5.5,FP / CL,Finland,cln3.001,c.461-280_677+382del,CLN3
Protracted juvenile,5.5,FP / CL,Finland,cln3.020,p.(Arg334His),CLN3
juvenile,,,UK,cln3.001,c.461-280_677+382del,CLN3
juvenile,,,UK,cln3.020,p.(Arg334His),CLN3
juvenile,,,Germany,cln3.001,c.461-280_677+382del,CLN3
juvenile,,,Germany,cln3.020,p.(Arg334His),CLN3
juvenile,,,USA,cln3.001,c.461-280_677+382del,CLN3
juvenile,,,USA,cln3.020,p.(Arg334His),CLN3
juvenile,,,The Netherlands,cln3.001,c.461-280_677+382del,CLN3
juvenile,,,The Netherlands,cln3.021,p.(Gln352*),CLN3
juvenile,,,USA,cln3.001,c.461-280_677+382del,CLN3
juvenile,,,USA,cln3.021,p.(Gln352*),CLN3
juvenile,5,,USA,cln3.001,c.461-280_677+382del,CLN3
juvenile,5,,USA,cln3.022,p.(Thr400*),CLN3
juvenile,5,,USA,cln3.001,c.461-280_677+382del,CLN3
juvenile,5,,USA,cln3.022,p.(Thr400*),CLN3
juvenile,5,,USA,cln3.001,c.461-280_677+382del,CLN3
juvenile,5,,USA,cln3.022,p.(Thr400*),CLN3
juvenile,,,UK,cln3.001,c.461-280_677+382del,CLN3
juvenile,,,UK,cln3.023,p.(Leu425fs),CLN3
juvenile,,,The Netherlands,cln3.007,p.(Val142fs),CLN3
juvenile,,,The Netherlands,cln3.007,p.(Val142fs),CLN3
juvenile,,,The Netherlands,cln3.007,p.(Val142fs),CLN3
juvenile,,,USA,cln3.001,c.461-280_677+382del,CLN3
juvenile,,,USA,cln3.007,p.(Val142fs),CLN3
juvenile,,,USA,cln3.001,c.461-280_677+382del,CLN3
juvenile,,,USA,cln3.007,p.(Val142fs),CLN3
juvenile,,,Italy,cln3.012,p.(Gly187fs),CLN3
juvenile,,,UK,cln3.013,p.(Ala196Glyfs*40),CLN3
juvenile,,,Italy,cln3.016,p.(His315fs),CLN3
juvenile,,,Italy,cln3.016,p.(His315fs),CLN3
juvenile,,,Iceland,cln3.001,c.461-280_677+382del,CLN3
juvenile,,,Iceland,cln3.016,p.(His315fs),CLN3
juvenile,,,USA,cln3.001,c.461-280_677+382del,CLN3
juvenile,,,USA,cln3.016,p.(His315fs),CLN3
juvenile,,,,cln3.001,c.461-280_677+382del,CLN3
juvenile,,,,,,CLN3
juvenile,,,,,,CLN3
Protracted juvenile,8,FP / CL,Finland,cln3.001,c.461-280_677+382del,CLN3
Protracted juvenile,8,FP / CL,Finland,cln3.027,c.(790+1_791-1)_(1056+1_1057-1)del,CLN3
Protracted juvenile,6.7,FP / CL,Finland,cln3.001,c.461-280_677+382del,CLN3
Protracted juvenile,6.7,FP / CL,Finland,cln3.027,c.(790+1_791-1)_(1056+1_1057-1)del,CLN3
Protracted juvenile,5.6,FP / CL,Finland,cln3.001,c.461-280_677+382del,CLN3
Protracted juvenile,5.6,FP / CL,Finland,cln3.027,c.(790+1_791-1)_(1056+1_1057-1)del,CLN3
Protracted juvenile,5.5,FP / CL,Finland,cln3.001,c.461-280_677+382del,CLN3
Protracted juvenile,5.5,FP / CL,Finland,cln3.027,c.(790+1_791-1)_(1056+1_1057-1)del,CLN3
Protracted juvenile,6,FP / CL,Finland,cln3.001,c.461-280_677+382del,CLN3
Protracted juvenile,6,FP / CL,Finland,cln3.027,c.(790+1_791-1)_(1056+1_1057-1)del,CLN3
Protracted juvenile,5,FP / CL,Finland,cln3.001,c.461-280_677+382del,CLN3
Protracted juvenile,5,FP / CL,Finland,cln3.027,c.(790+1_791-1)_(1056+1_1057-1)del,CLN3
Protracted juvenile,5,FP / CL / GROD,,cln3.001,c.461-280_677+382del,CLN3
Protracted juvenile,5,FP / CL / GROD,,cln3.015,p.(Glu295Lys),CLN3
Protracted juvenile,5,FP / CL / GROD,,cln3.001,c.461-280_677+382del,CLN3
Protracted juvenile,5,FP / CL / GROD,,cln3.015,p.(Glu295Lys),CLN3
juvenile,,,Sweden,cln3.001,c.461-280_677+382del,CLN3
juvenile,,,Sweden,cln3.001,c.461-280_677+382del,CLN3
juvenile,,,Sweden,cln3.001,c.461-280_677+382del,CLN3
juvenile,,,Sweden,cln3.001,c.461-280_677+382del,CLN3
juvenile,,,Sweden,,,CLN3
juvenile,,,Sweden,cln3.001,c.461-280_677+382del,CLN3
juvenile,,,Sweden,,,CLN3
late infantile,3,,USA,cln3.001,c.461-280_677+382del,CLN3
late infantile,3,,USA,cln3.007,p.(Val142fs),CLN3
juvenile,>5,FP / CV,Portugal,cln3.001,c.461-280_677+382del,CLN3
juvenile,>5,FP / CV,Portugal,cln3.001,c.461-280_677+382del,CLN3
juvenile,>5,FP / CV,Portugal,cln3.001,c.461-280_677+382del,CLN3
juvenile,>5,FP / CV,Portugal,cln3.001,c.461-280_677+382del,CLN3
juvenile,>5,FP / CV,Portugal,cln3.001,c.461-280_677+382del,CLN3
juvenile,>5,FP / CV,Portugal,cln3.001,c.461-280_677+382del,CLN3
juvenile,>5,FP / CV,Portugal,cln3.001,c.461-280_677+382del,CLN3
juvenile,>5,FP / CV,Portugal,cln3.001,c.461-280_677+382del,CLN3
juvenile,>5,FP / CV,Portugal,cln3.001,c.461-280_677+382del,CLN3
juvenile,>5,FP / CV,Portugal,,,CLN3
juvenile,>5,FP / CV,Portugal,cln3.001,c.461-280_677+382del,CLN3
juvenile,>5,FP / CV,Portugal,cln3.049,p.(Gly190fs),CLN3
juvenile,>5,FP / CV,Portugal,cln3.001,c.461-280_677+382del,CLN3
juvenile,>5,FP / CV,Portugal,cln3.049,p.(Gly190fs),CLN3
infantile,0.4,no inclusions,USA,cln3.001,c.461-280_677+382del,CLN3
infantile,0.4,no inclusions,USA,,,CLN3
juvenile,,,USA,cln3.001,c.461-280_677+382del,CLN3
juvenile,,,USA,cln3.021,p.(Gln352*),CLN3
juvenile,5,,USA,cln3.001,c.461-280_677+382del,CLN3
juvenile,5,,USA,cln3.044,p.(Glu17*),CLN3
juvenile,6.7,CL,Canada,cln3.001,c.461-280_677+382del,CLN3
juvenile,6.7,FP / CV,Canada,cln3.001,c.461-280_677+382del,CLN3
juvenile,6.7,FP / CV / RL,Canada,cln3.001,c.461-280_677+382del,CLN3
Protracted juvenile,6,FP,Lebanon,cln3.029,p.(Tyr199*),CLN3
Protracted juvenile,7,FP,Lebanon,cln3.029,p.(Tyr199*),CLN3
Protracted juvenile,6,FP,Lebanon,cln3.029,p.(Tyr199*),CLN3
Protracted juvenile,6,FP,Lebanon,cln3.029,p.(Tyr199*),CLN3
Protracted juvenile,9,FP,Lebanon,cln3.029,p.(Tyr199*),CLN3
juvenile,6,,Spain,cln3.001,c.461-280_677+382del,CLN3
juvenile,6,,Spain,cln3.064,p.(Ser125Asn) ,CLN3
juvenile,6,,Spain,cln3.001,c.461-280_677+382del,CLN3
juvenile,6,,Spain,cln3.064,p.(Ser125Asn) ,CLN3
juvenile,5,,Spain,cln3.001,c.461-280_677+382del,CLN3
juvenile,7,,Spain,cln3.001,c.461-280_677+382del,CLN3
late infantile,2,FP,Spain,cln3.025,p.(Ser208Phefs*28),CLN3
late infantile,4,FP / CV,Spain,cln3.001,c.461-280_677+382del,CLN3
late infantile,4,FP / CV,Spain,,,CLN3
juvenile,5,,Spain,cln3.001,c.461-280_677+382del,CLN3
juvenile,7,FP / CV,Spain,cln3.001,c.461-280_677+382del,CLN3
late infantile,2,FP / GROD,Spain,cln3.025,p.(Ser208Phefs*28),CLN3
late infantile,2,FP / GROD,Spain,cln3.063,p.(Gly192Glu),CLN3
juvenile,8,,Spain,cln3.062,p.(Arg89*),CLN3
juvenile,6,,Spain,cln3.001,c.461-280_677+382del,CLN3
juvenile,6,,Spain,cln3.020,p.(Arg334His),CLN3
juvenile,6,,Spain,cln3.037,p.(Tyr124fs),CLN3
teenage,16,FPs,Brazil,cln3.001,c.461-280_677+382del,CLN3
adult,19,CB,Argentina,cln3.001,c.461-280_677+382del,CLN3
teenage,14,CB,Argentina,cln3.001,c.461-280_677+382del,CLN3
adult,22,CB / FP,Argentina,cln3.001,c.461-280_677+382del,CLN3
adult,22,CB / FP,Argentina,cln3.019,p.(Arg334Cys),CLN3
,,,Spain,cln3.025,p.(Ser208Phefs*28),CLN3
,,,Spain,cln3.031,p.(Gly187Ala),CLN3
,,,Portugal,cln3.001,c.461-280_677+382del,CLN3
,,,Portugal,cln3.054,p.(Gly189Arg),CLN3
juvenile,,,Germany,cln3.036,p.(Trp35*),CLN3
juvenile,,,Germany,cln3.053,c.678-?_1317+?del,CLN3
,,,Czech Republic,cln3.001,c.461-280_677+382del,CLN3
,,,Czech Republic,cln3.001,c.461-280_677+382del,CLN3
,,,Czech Republic,cln3.001,c.461-280_677+382del,CLN3
,,,USA,cln3.001,c.461-280_677+382del,CLN3
juvenile,,FP,Italy,cln3.001,c.461-280_677+382del,CLN3
juvenile,,FP,Italy,cln3.065,p.(Cys134Arg),CLN3
juvenile,,FP,Italy,cln3.001,c.461-280_677+382del,CLN3
juvenile,,FP,Italy,cln3.032,p.(Glu399*),CLN3
,,,Turkey,cln3.030,c.126-1G>A,CLN3
,,,Turkey,cln3.061,p.(Thr80fs),CLN3
,,,The Netherlands,cln3.001,c.461-280_677+382del,CLN3
,,,The Netherlands,cln3.007,p.(Val142fs),CLN3
,,,Belgium,cln3.001,c.461-280_677+382del,CLN3
,,,Belgium,cln3.007,p.(Val142fs),CLN3
,,,,cln3.001,c.461-280_677+382del,CLN3
,,,,cln3.007,p.(Val142fs),CLN3
,,,The Netherlands,cln3.001,c.461-280_677+382del,CLN3
,,,The Netherlands,cln3.021,p.(Gln352*),CLN3
,,,The Netherlands,cln3.001,c.461-280_677+382del,CLN3
,,,The Netherlands,cln3.021,p.(Gln352*),CLN3
,,,The Netherlands,cln3.001,c.461-280_677+382del,CLN3
,,,The Netherlands,cln3.058,c.1A>C,CLN3
,,,Sweden,cln3.001,c.461-280_677+382del,CLN3
,,,Sweden,cln3.068,c.954_962+18del,CLN3
,,,Norway,cln3.062,p.(Arg89*),CLN3
,,,Norway,cln3.068,c.954_962+18del,CLN3
,,,The Netherlands,cln3.001,c.461-280_677+382del,CLN3
,,,The Netherlands,cln3.019,p.(Arg334Cys),CLN3
,,,Belgium,cln3.007,p.(Val142fs),CLN3
,,,Belgium,cln3.059,c.125+5G>A,CLN3
,,,UK,cln3.001,c.461-280_677+382del,CLN3
,,,UK,cln3.060,c.963-1G>T,CLN3
,,,Canada,cln3.001,c.461-280_677+382del,CLN3
,,,Canada,cln3.001,c.461-280_677+382del,CLN3
,,,Canada,cln3.001,c.461-280_677+382del,CLN3
,,,Canada,cln3.048,c.461-1G>C,CLN3
,,,Canada,cln3.020,p.(Arg334His),CLN3
,,,Canada,cln3.020,p.(Arg334His),CLN3
,,,Canada,cln3.067,c.790+3A>C,CLN3
,,,Canada,,,CLN3
,,,Canada,,,CLN3
,,,Canada,,,CLN3
,,,Canada,,,CLN3
,,,Canada,,,CLN3
,,,Canada,,,CLN3
,,,Canada,,,CLN3
,,,USA,cln3.001,c.461-280_677+382del,CLN3
,,,USA,cln3.007,p.(Val142fs),CLN3
,,,France,cln3.001,c.461-280_677+382del,CLN3
,,,France,cln3.021,p.(Gln352*),CLN3
juvenile,,,Turkey,cln3.030,c.126-1G>A,CLN3
juvenile,,,Turkey,cln3.030,c.126-1G>A,CLN3
,,"CL, FP",Belgium,cln3.001,c.461-280_677+382del,CLN3
,,"CL, FP",Belgium,cln3.001,c.461-280_677+382del,CLN3
,,,Germany,cln3.001,c.461-280_677+382del,CLN3
,,,Germany,cln3.001,c.461-280_677+382del,CLN3
juvenile,,FP,Ireland,cln3.001,c.461-280_677+382del,CLN3
juvenile,,FP,Ireland,cln3.001,c.461-280_677+382del,CLN3
juvenile,,FP,Italy,cln3.001,c.461-280_677+382del,CLN3
,,,France,cln3.001,c.461-280_677+382del,CLN3
,,,France,,,CLN3
juvenile,,,Italy,cln3.001,c.461-280_677+382del,CLN3
juvenile,,,Italy,,,CLN3
,,,UK,cln3.001,c.461-280_677+382del,CLN3
,,,UK,,,CLN3
,,,USA,cln3.001,c.461-280_677+382del,CLN3
,,,USA,,,CLN3
,,,Norway,cln3.001,c.461-280_677+382del,CLN3
,,,Norway,,,CLN3
,,,Norway,cln3.001,c.461-280_677+382del,CLN3
,,,Norway,,,CLN3
,,,Sweden,cln3.001,c.461-280_677+382del,CLN3
,,,Sweden,,,CLN3
,,,Portugal,cln3.052,c.222+5G>C,CLN3
,,,Portugal,,large incompletely characterised deletion,CLN3
,,,Portugal,cln3.052,c.222+5G>C,CLN3
,,,Portugal,,large incompletely characterised deletion,CLN3
,,,USA,cln3.036,p.(Trp35*),CLN3
,,,USA,,,CLN3
,,,USA,cln3.045,p.(Gln72*),CLN3
,,,USA,,,CLN3
,,,USA,cln3.037,p.(Tyr124fs),CLN3
,,,USA,,,CLN3
,,,Russia,cln3.006,p.(Arg127fs),CLN3
,,,Russia,,,CLN3
,,,USA,cln3.024,c.461-1G>A,CLN3
,,,USA,,,CLN3
,,,USA,cln3.038,p.(Ala158Pro),CLN3
,,,USA,,,CLN3
,,,USA,cln3.043,c.533+1G>A,CLN3
,,,USA,,,CLN3
,,,The Netherlands,cln3.031,p.(Gly187Ala),CLN3
,,,The Netherlands,,,CLN3
,,,Italy,cln3.030,c.126-1G>A,CLN3
,,,Italy,,,CLN3
,,,USA,cln3.035,p.(Glu295*),CLN3
,,,USA,,,CLN3
,,,USA,cln3.047,c.906+5G>A,CLN3
,,,USA,,,CLN3
,,,USA,cln3.040,c.1056+3A>C,CLN3
,,,USA,cln3.041,p.(Asp416Gly),CLN3
,,,UK,cln3.022,p.(Thr400*),CLN3
,,,UK,,,CLN3
,,,The Netherlands,cln3.068,c.954_962+18del,CLN3
,,,The Netherlands,,,CLN3
,,,Russia,cln3.051,p.(Leu350fs),CLN3
,,,Greece,cln3.046,c.222+2T>G,CLN3
,,,Greece,,,CLN3
,,,Portugal,cln3.055,p.(Ser423*),CLN3
,,,Portugal,,,CLN3
juvenile,,,Turkey,cln3.030,c.126-1G>A,CLN3
juvenile,,,Turkey,,,CLN3
,,,Turkey,cln3.030,c.126-1G>A,CLN3
,,,Turkey,,,CLN3
,,,The Netherlands,cln3.033,c.294-58G>A ,CLN3
,,,The Netherlands,,,CLN3
,,,,cln3.034,c.294-80G>A,CLN3
,,,,,,CLN3
,,,Turkey,,,CLN3
,,,Turkey,,,CLN3
,,,Turkey,,,CLN3
,,,Turkey,,,CLN3
,,,Turkey,,,CLN3
,,,Turkey,,,CLN3
,,,Turkey,,,CLN3
,,,Turkey,,,CLN3
,,,Turkey,,,CLN3
,,,Turkey,,,CLN3
juvenile,8,,Albania,cln3.001,c.461-280_677+382del,CLN3
severe 16p deletion syndrome,9,,France,cln3.001,c.461-280_677+382del,CLN3
severe 16p deletion syndrome,9,,France,cln3.069,1.7 Mb microdeletion,CLN3
juvenile,10,,,cln3.070,p.(Lys262*),CLN3
autophagic vacuolar myopathy,,"Large autophagic vacuoles, no PF",Italy,cln3.071,p.(Gly165Glu),CLN3
autophagic vacuolar myopathy,,"Large autophagic vacuoles, no PF",Italy,,,CLN3
autophagic vacuolar myopathy,,"Large autophagic vacuoles, no PF",Italy,cln3.071,p.(Gly165Glu),CLN3
autophagic vacuolar myopathy,,"Large autophagic vacuoles, no PF",Italy,,,CLN3
RP,,,Italy,cln3.072,p.(Tyr322*),CLN3
RP,,,Italy,cln3.073,p.(Val290Leu),CLN3
RP,,,Italy,cln3.072,p.(Tyr322*),CLN3
RP,,,Italy,cln3.073,p.(Val290Leu),CLN3
RP,,,Canada ,cln3.074,p.(Arg405Trp),CLN3
RP,,,Canada ,cln3.074,p.(Arg405Trp),CLN3
RP,,,Canada ,cln3.074,p.(Arg405Trp),CLN3
RP,,,Canada ,cln3.074,p.(Arg405Trp),CLN3
RP,,,Mexico,cln3.074,p.(Arg405Trp),CLN3
RP,,,Mexico,cln3.075,c.125+1G>C,CLN3
RP,,,Mexico,cln3.074,p.(Arg405Trp),CLN3
RP,,,Mexico,cln3.075,c.125+1G>C,CLN3
RP,,,Mexico,cln3.054,p.(Gly189Arg),CLN3
CRD,,,China,cln3.015,p.(Glu295Lys),CLN3
CRD,,,China,cln3.076,p.(Ser131Arg),CLN3
CRD,,,China,cln3.015,p.(Glu295Lys),CLN3
CRD,,,China,cln3.076,p.(Ser131Arg),CLN3
RP,,,UK,cln3.074,p.(Arg405Trp),CLN3
juvenile,6.5,,USA,cln3.001,c.461-280_677+382del,CLN3
juvenile,6.5,,USA,cln3.078,p.(Leu379Metfs*11),CLN3
juvenile,,"FP, vac lymphocytes",,cln3.079,p.(Gly189Trp),CLN3
juvenile,,,,cln3.080,p.(Glu273Lysfs*26),CLN3
juvenile,,,,cln3.080,p.(Glu273Lysfs*26),CLN3
juvenile,,"RL, FP, vac",Italy,cln3.016,p.(His315fs),CLN3
juvenile,,"RL, FP, vac",Italy,cln3.081,p.(Ala349_Leu350del) ,CLN3
RP,,,,cln3.074,p.(Arg405Trp),CLN3
RP,,,European,cln3.001,c.461-280_677+382del,CLN3
RP,,,European,cln3.082,p.(Ile285Val),CLN3
RP,,,European,cln3.001,c.461-280_677+382del,CLN3
RP,,,European,cln3.074,p.(Arg405Trp),CLN3
RP,,,,cln3.074,p.(Arg405Trp),CLN3
RP,,,European,cln3.001,c.461-280_677+382del,CLN3
RP,,,European,cln3.084,p.(Val330Ile),CLN3
RP,,,European,cln3.001,c.461-280_677+382del,CLN3
RP,,,European,,,CLN3
RP,,,European,cln3.074,p.(Arg405Trp),CLN3
late infantile,4,,,cln3.001,c.461-280_677+382del,CLN3
late infantile,4,,,cln3.086,c.1056+34C>A,CLN3
IRD,30s,,,cln3.074,p.(Arg405Trp),CLN3
IRD,20s,,,cln3.001,c.461-280_677+382del,CLN3
IRD,20s,,,cln3.084,p.(Val330Ile),CLN3
IRD,40s,,,cln3.001,c.461-280_677+382del,CLN3
IRD,40s,,,cln3.087,c.837+5G>A,CLN3
IRD,30s,,,cln3.074,p.(Arg405Trp),CLN3
IRD,Late teens,,,cln3.001,c.461-280_677+382del,CLN3
IRD,Late teens,,,cln3.088,c.461-3C>G,CLN3
IRD,<10,,,cln3.035,p.(Glu295*),CLN3
IRD,<10,,,cln3.089,p.(Leu306His),CLN3
IRD,>13,,,cln3.035,p.(Glu295*),CLN3
IRD,>13,,,cln3.089,p.(Leu306His),CLN3
IRD,>13,,,cln3.001,c.461-280_677+382del,CLN3
IRD,>13,,,cln3.082,p.(Ile285Val),CLN3
IRD,<10,,,cln3.001,c.461-280_677+382del,CLN3
IRD,<10,,,cln3.074,p.(Arg405Trp),CLN3
IRD,>13,,,cln3.001,c.461-280_677+382del,CLN3
IRD,>13,,,cln3.091,c.375-3C>G,CLN3
juvenile,,,USA,cln3.001,c.461-280_677+382del,CLN3
juvenile,,,USA,cln3.015,p.(Glu295Lys),CLN3
juvenile,,,USA,cln3.001,c.461-280_677+382del,CLN3
juvenile,,,USA,cln3.015,p.(Glu295Lys),CLN3
juvenile,6,,Iraq,cln3.026,p.(Leu376Argfs*) ,CLN3
late infantile,3,,Iraq,cln3.026,p.(Leu376Argfs*) ,CLN3
juvenile,5,,Iraq,cln3.026,p.(Leu376Argfs*) ,CLN3
juvenile,,,Iraq,cln3.026,p.(Leu376Argfs*) ,CLN3
IRD,,,Japan,cln3.039,p.(Ser161Leu),CLN3
protracted juvenile,5,,Netherlands,cln3.001,c.461-280_677+382del,CLN3
protracted juvenile,5,,Netherlands,cln3.058,c.1A>C,CLN3
protracted juvenile,7,,Netherlands,cln3.001,c.461-280_677+382del,CLN3
protracted juvenile,7,,Netherlands,cln3.058,c.1A>C,CLN3
protracted juvenile,7,,Netherlands,cln3.001,c.461-280_677+382del,CLN3
protracted juvenile,7,,Netherlands,cln3.058,c.1A>C,CLN3
RP,,,Mexico,cln3.120,p.(Arg89Gln),CLN3
IRD,36,,Australia,cln3.001,c.461-280_677+382del,CLN3
IRD,36,,Australia,cln3.098,p.(Ala59Thr),CLN3
juvenile,7,,Pakistan,cln3.092,p.(Asp61del) ,CLN3
juvenile,7,,Pakistan,cln3.092,p.(Asp61del) ,CLN3
juvenile,7,,Pakistan,cln3.092,p.(Asp61del) ,CLN3
juvenile,7,,Pakistan,cln3.092,p.(Asp61del) ,CLN3
juvenile,7,,China,cln3.093,c.906+6T>G,CLN3
IRD,,,,cln3.001,c.461-280_677+382del,CLN3
IRD,,,,cln3.095,p.(Val148del),CLN3
IRD,,,,cln3.096,p.(Met409Leu),CLN3
IRD,,,,cln3.040,c.1056+3A>C,CLN3
IRD,,,,cln3.097,p.(Leu313Pro),CLN3
IRD,,,,cln3.097,p.(Leu313Pro),CLN3
visual loss,7.75,,,cln3.099,c.461-24_677+27del,CLN3
visual loss,7.75,,,cln3.100,p.(Ser335Pro),CLN3
retinal dystrophy,5,,,cln3.012,p.(Gly187fs) (paternal),CLN3
retinal dystrophy,5,,,cln3.048,c.461-1G>C (maternal),CLN3
RP,10,,Turkey,cln3.061,p.(Thr80fs),CLN3
RP,6,,Russia,cln3.001,с.461-280_677+382del,CLN3
RP,6,,Russia,cln3.051,p.(Leu350fs),CLN3
visual loss,,autofluorescent accumulation in muscle; rectilinear; curvilinear profiles,,cln3.001,с.461-280_677+382del,CLN3
visual loss,,autofluorescent accumulation in muscle; rectilinear; curvilinear profiles,,cln3.104,p.(Leu384Pro),CLN3
visual loss,,,,cln3.001,с.461-280_677+382del,CLN3
visual loss,,,,cln3.086,c.1056+34C>A,CLN3
RP,,,Italy,cln3.001,с.461-280_677+382del,CLN3
visual loss,7,,Brazil,cln3.109,deletion of exons 11-17,CLN3
visual loss,7,,Brazil,cln3.110,p.(Cys353Ter),CLN3
unresponsive episodes,,,Australia,cln3.001,с.461-280_677+382del,CLN3
unresponsive episodes,,,Australia,cln3.111,p.(Tyr292Cys),CLN3
IRD,,,,cln3.001,с.461-280_677+382del,CLN3
IRD,,,,cln3.001,с.461-280_677+382del,CLN3
IRD,,,,cln3.001,с.461-280_677+382del,CLN3
IRD,,,,cln3.001,с.461-280_677+382del,CLN3
IRD,,,,cln3.113,p.(Leu102del),CLN3
RP,,,,cln3.001,с.461-280_677+382del,CLN3
RP,,,,cln3.074,p.(Arg405Trp),CLN3
,,,(Sweden),cln3.105,c.-359_46del,CLN3
,,,Sweden,cln3.105,c.-359_46del,CLN3
,6,,Saudi Arabia,cln3.106,p.(Ser161*),CLN3
,,,Saudi Arabia,cln3.107,p.(Ser226ArgfsTer36),CLN3
,6,fingerprint profiles,Egypt,cln3.007,p.(Val142Leufs*39),CLN3
,6,fingerprint profiles,Egypt,cln3.007,p.(Val142Leufs*39),CLN3
,11,fingerprint profiles,Egypt,cln3.108,c.906+2T>A,CLN3
CRD,15,,,cln3.029,p.(Tyr199*),CLN3
CRD,15,,,cln3.059,c.125+5G>A,CLN3
atypical RP,,,,cln3.114,p.(Tyr124=),CLN3
RP,,,Jordan,cln3.019,p.(Arg334Cys),CLN3
bilateral chorioretinal scarring,,,,cln3.001,с.461-280_677+382del,CLN3
bilateral chorioretinal scarring,,,,wildtype,,CLN3
protracted juvenile,6,Intracytoplasmic lipopigment in all brain areas sampled,,cln3.001,с.461-280_677+382del,CLN3
protracted juvenile,6,,,cln3.001,с.461-280_677+382del,CLN3
juvenile,6,,Turkey,cln3.030,c.128-1G>A,CLN3
macular dystrophy,5,,,cln3.117,c.677+883_791-328del,CLN3
macular dystrophy,5,,,cln3.117,c.677+883_791-328del,CLN3
RP,66,,,cln3.001,с.461-280_677+382del,CLN3
RP,66,,,cln3.118,p.(Val390Met),CLN3
protracted juvenile,5,,Poland,cln3.001,c.461-280_677+382del,CLN3
retinal dystrophy,3,,Poland,cln3.068,c.954_962+18del,CLN3
retinal dystrophy,3,,Poland,cln3.001,c.461-280_677+382del,CLN3
retinal dystrophy,7,,Poland,cln3.068,c.954_962+18del,CLN3
retinal dystrophy,7,,Poland,cln3.001,c.461-280_677+382del,CLN3
IRD,,,,cln3.025,p.(Ser208Phefs*28),CLN3
IRD,,,,,partial deletion,CLN3
IRD,,,,cln3.115,p.Gly419Glu,CLN3
CRD,16,,Haiti,cln3.126,p.Glu295Gly,CLN3
CRD,32,,Haiti,cln3.098,p.(Ala59Thr),CLN3
CRD,19,,Europe,cln3.001,c.461-280_677+382del,CLN3
CRD,19,,Europe,cln3.074,p.(Arg405Trp),CLN3
CRD,17,,Europe,cln3.001,c.461-280_677+382del,CLN3
CRD,17,,Europe,cln3.074,p.(Arg405Trp),CLN3
late infantile,5,,Brazil,cln3.001,c.461-280_677+382del,CLN3
juvenile,8,,Iran,cln3.116,c.1274_1275delTC,CLN3
juvenile,8,,Iran,cln3.116,c.1274_1275delTC,CLN3
Juvenile,7,,India,cln3.122,p.(Leu313*),CLN3
,7,,,cln3.016,p.(His315Glnfs *67),CLN3
,7,,,cln3.123,p.(Cys435Trp),CLN3
Juvenile,11,,,cln3.124,p.(Tyr227Cys) ,CLN3
Juvenile,11,,,cln3.001,c.461-280_677+382del,CLN3
Juvenile,11,,,cln3.124,p.(Tyr227Cys) ,CLN3
Juvenile,11,,,cln3.001,c.461-280_677+382del,CLN3
Adult,11,Autofluorescent material (muscle); granular and vaculoar deposits (skin),China,cln3.125,p.(Tyr52His),CLN3
Adult,63,,,cln3.001,c.461-280_677+382del,CLN3
Adult,63,,,,wildtype,CLN3
late infantile,3,,,cln3.119,p.(Trp321*),CLN3
juvenile,6.33,,Saudi Arabia,cln3.106,p.(Ser161*)  ,CLN3
juvenile,6,,,cln3.001,c.461-280_677+382del,CLN3
juvenile,5,,Germany,cln3.127,,CLN3
juvenile,5,,Germany,cln3.128,p.(Thr97Arg),CLN3
late infantile,4,positive for vaculoated lymphocytes and on nerve biopsy,,cln3.129,p.(Ser125Glnfs*),CLN3
,,,,cln3.130,p.(Ser171Phe),CLN3
,,,,cln3.001,c.461-280_677+382del,CLN3
adult,,,Ukraine,cln3.001,c.461-280_677+382del,CLN3
adult,,,Ukraine,cln3.131,p.(Ala158Asp),CLN3
retinal disease/adult,29,FP (skin),,cln3.132,p.(Ser131fs),CLN3
retinal disease/adult,29,FP (skin),,cln3.133,p.(Gln323=),CLN3
,,,India,cln3.002,c.(790+1_791-1)_(1056+1_1057-1)del,CLN3
RP,6,,Turkey,cln3.013,p.(Ala196Glyfs*40),CLN3
CLN3,,,,cln3.002,c.(790+1_791-1)_(1056+1_1057-1)del,CLN3
CLN3,,,,cln3.001,c.461-280_677+382del,CLN3
CLN3,,,,cln3.012,p.(Gly187fs),CLN3
CLN3,,,,cln3.001,c.461-280_677+382del,CLN3
CLN3,,,,cln3.014,p.(Gln211*),CLN3
CLN3,,,,cln3.001,c.461-280_677+382del,CLN3
CLN3,,,,cln3.014,p.(Gln211*),CLN3
CLN3,,,,cln3.001,c.461-280_677+382del,CLN3
juvenile,5,,,cln3.134,c.838-3C>G,CLN3
late infantile,4,curvilinear and fingerprint profiles,,cln3.079,p.(Gly189Trp),CLN3
late infantile,4,curvilinear and fingerprint profiles,,cln3.135,c.534-2A>G,CLN3
juvenile,6,,,cln3.134,c.838-3C>G,CLN3
juvenile,5,Fingerprint profiles,,cln3.136,p.(Cys353Arg),CLN3
Isolated retinal disease,16,,China,cln3.137,p.(Ser69*),CLN3
Isolated retinal disease,16,,China,cln3.074,p.(Arg405Trp),CLN3
juvenile,8,,China,cln3.138,p.(Ser185Pro),CLN3
juvenile,8,,China,cln3.141,c.963-13A>G,CLN3
juvenile,6,,China,cln3.140,c.962+1G>A,CLN3
juvenile,6,,China,,Uncharacterised deletion of exons 15 and 16,CLN3
juvenile,6,,China,cln3.139,p.(Gly280Cys),CLN3
juvenile,6,,China,cln3.142,p.(Tyr326Leufs*),CLN3
juvenile,6,,China,cln3.020,p.(Arg334His),CLN3
juvenile,6,,China,cln3.047,c.906+5G>A,CLN3
juvenile,6,,China,cln3.020,p.(Arg334His),CLN3
juvenile,6,,China,cln3.047,c.906+5G>A,CLN3
juvenile,5,,Turkey or Syria,cln3.065,p.(Cys134Arg),CLN3
juvenile,5,,Turkey or Syria,cln3.036,p.(Trp35*),CLN3
adult,19,,,cln3.001,c.461-280_677+382del,CLN3
adult,19,,,cln3.074,p.(Arg405Trp),CLN3
juvenile,6,,Sweden,cln3.001,c.461-280_677+382del,CLN3
juvenile,6,,Sweden,cln3.018,p.(Val330Phe),CLN3
juvenile,7,Vacuolated lymphocytes,Japan,cln3.143,c.295-2A>C,CLN3
juvenile,7,Vacuolated lymphocytes,Japan,cln3.144,p.(His60Thrfs*),CLN3
,,,,,,CLN3
,,,,,,CLN3
,,,,,,CLN3
,,,,,,CLN3
,,,,,,CLN3
,,,,,,CLN3
,,,,,,CLN3
